22680,1640,AMP4EP,36,36,9/16/2020 0:00,9/16/2023 0:00
64254.6,459,CISCO_INTERSIGHT,60,60,8/24/2020 0:00,8/24/2025 0:00
29952,1800,UMBRELLA,12,12,8/22/2020 0:00,8/22/2021 0:00
104548.79,1425.68,N9K_SW_SUB,60,60,8/22/2020 0:00,8/22/2025 0:00
79999.8,7000,CLOUDCENTER,60,60,8/21/2020 0:00,8/21/2025 0:00
31500,3000,Threat Grid Appliance,60,60,8/21/2020 0:00,8/21/2025 0:00
36000,2400,UMBRELLA,60,60,8/21/2020 0:00,8/21/2025 0:00
112800,1252.66,TETRATION,60,60,8/21/2020 0:00,8/21/2025 0:00
33373.2,371.2,CISCO_INTERSIGHT,60,60,8/21/2020 0:00,8/21/2025 0:00
105160.32,8658.56,ELA2,36,36,8/19/2020 0:00,8/19/2023 0:00
180576,8184,WEBEX,36,36,8/19/2020 0:00,8/19/2023 0:00
99003,5371.66,ELA2,60,60,8/19/2020 0:00,8/19/2025 0:00
50472,4138,ELA2,36,36,8/19/2020 0:00,8/19/2023 0:00
34963.2,2868.8,ELA2,36,36,8/19/2020 0:00,8/19/2023 0:00
18671.76,1531.36,ELA2,36,36,8/19/2020 0:00,8/19/2023 0:00
20757.63,1126.54,ELA2,60,60,8/19/2020 0:00,8/19/2025 0:00
51836.4,1080,CISCO_INTERSIGHT,12,12,8/19/2020 0:00,8/19/2021 0:00
16909.19,916.83,ELA2,60,60,8/19/2020 0:00,8/19/2025 0:00
68411.52,475.2,CISCO_INTERSIGHT,36,36,8/18/2020 0:00,8/18/2023 0:00
186206.93,12714.57,ELA2,44,44,8/17/2020 0:00,3/17/2024 0:00
198000,7700,Calabrio_SolutionsPlus,60,60,8/17/2020 0:00,8/17/2025 0:00
39283.2,163.84,CISCO_INTERSIGHT,60,60,8/17/2020 0:00,8/17/2025 0:00
18765,1353.75,Threat Grid Cloud,36,36,8/16/2020 0:00,8/16/2023 0:00
816997.8,19637.39,ELA2,60,60,8/15/2020 0:00,8/15/2025 0:00
229377.6,5508.27,ELA2,60,60,8/15/2020 0:00,8/15/2025 0:00
59469.6,1429.28,ELA2,60,60,8/15/2020 0:00,8/15/2025 0:00
28608,690.49,ELA2,60,60,8/15/2020 0:00,8/15/2025 0:00
16646.4,224,Duo Standard,36,36,8/14/2020 0:00,8/14/2023 0:00
23317.2,1751.2,ELA2,36,36,8/12/2020 0:00,8/12/2023 0:00
15687,1177.75,ELA2,36,36,8/12/2020 0:00,8/12/2023 0:00
34963.68,728.64,CISCO_INTERSIGHT,12,12,8/12/2020 0:00,8/12/2021 0:00
17280,120,ELA2,36,36,8/12/2020 0:00,8/12/2023 0:00
51948,708.48,WEBEX,60,60,8/10/2020 0:00,8/10/2025 0:00
50112,604.8,WEBEX,60,60,8/10/2020 0:00,8/10/2025 0:00
21106.8,1586.2,TROPO,36,36,8/9/2020 0:00,8/9/2023 0:00
84083.04,6252.5,ELA2,36,36,8/5/2020 0:00,8/5/2023 0:00
26043.84,3361.02,ELA2,36,36,8/5/2020 0:00,8/5/2023 0:00
1793061.36,168240,UMBRELLA,36,36,8/1/2020 0:00,8/1/2023 0:00
340535.88,120640,ELA2,36,36,8/1/2020 0:00,8/1/2023 0:00
573732.36,100060,ELA2,36,36,8/1/2020 0:00,8/1/2023 0:00
1127320.2,96239.25,ELA2,36,36,8/1/2020 0:00,8/1/2023 0:00
1012996.8,86479.6,ELA2,36,36,8/1/2020 0:00,8/1/2023 0:00
289532.88,24717.42,UMBRELLA,36,36,8/1/2020 0:00,8/1/2023 0:00
68638.68,13375.52,ELA2,36,36,8/1/2020 0:00,8/1/2023 0:00
106560,5624,WEBEX,60,60,8/1/2020 0:00,8/1/2025 0:00
55458,5512.28,ELA2,36,36,8/1/2020 0:00,8/1/2023 0:00
84475.8,4263.45,WEBEX,36,36,8/1/2020 0:00,8/1/2023 0:00
109890,3697.5,WEBEX,36,36,8/1/2020 0:00,8/1/2023 0:00
38016,3168,UMBRELLA,36,36,8/1/2020 0:00,8/1/2023 0:00
85824,2416,WEBEX,36,36,8/1/2020 0:00,8/1/2023 0:00
38556,1887,WEBEX,12,12,8/1/2020 0:00,8/1/2021 0:00
73584,1532,CISCO_INTERSIGHT,12,12,8/1/2020 0:00,8/1/2021 0:00
139620,1390.35,CISCO_INTERSIGHT,60,60,8/1/2020 0:00,8/1/2025 0:00
70308,1147,WEBEX,36,36,8/1/2020 0:00,8/1/2023 0:00
45360,740,WEBEX,36,36,8/1/2020 0:00,8/1/2023 0:00
70308,688.2,WEBEX,60,60,8/1/2020 0:00,8/1/2025 0:00
45000,482.5,CLOUD_SUPPORT,36,36,8/1/2020 0:00,8/1/2023 0:00
45000,206.5,CLOUD_SUPPORT,36,36,8/1/2020 0:00,8/1/2023 0:00
119925,16.26,WEBEX,15,15,8/1/2020 0:00,11/1/2021 0:00
30000,0,WEBEX,15,15,8/1/2020 0:00,11/1/2021 0:00
258440.78,18414.9,ELA2,36,36,7/31/2020 0:00,7/31/2023 0:00
190136.16,13546.93,ELA2,36,36,7/31/2020 0:00,7/31/2023 0:00
82066.68,6044.32,ELA2,36,36,7/31/2020 0:00,7/31/2023 0:00
77774.76,5541.8,ELA2,36,36,7/31/2020 0:00,7/31/2023 0:00
77067.72,5491.33,ELA2,36,36,7/31/2020 0:00,7/31/2023 0:00
35967.96,5410.76,ELA2,36,36,7/31/2020 0:00,7/31/2023 0:00
32693.04,2329.5,ELA2,36,36,7/31/2020 0:00,7/31/2023 0:00
30216.25,2227.54,ELA2,36,36,7/31/2020 0:00,7/31/2023 0:00
16056.35,1144.08,ELA2,36,36,7/31/2020 0:00,7/31/2023 0:00
30723.84,1529.68,ON_PREMISE,12,12,7/30/2020 0:00,7/30/2021 0:00
29174.88,192,CISCO_INTERSIGHT,38,38,7/29/2020 0:00,9/29/2023 0:00
83520,10440,WEBEX,12,12,7/27/2020 0:00,7/27/2021 0:00
34020,2230,TROPO,12,12,7/27/2020 0:00,7/27/2021 0:00
16320,1890,WEBEX,12,12,7/27/2020 0:00,7/27/2021 0:00
226245.6,30475.62,Cohesity_SolutionsPlus,60,60,7/24/2020 0:00,7/24/2025 0:00
28944,3898.8,Cohesity_SolutionsPlus,60,60,7/24/2020 0:00,7/24/2025 0:00
561000,80650,WEBEX,60,60,7/23/2020 0:00,7/23/2025 0:00
3870300,45780,WEBEX,60,60,7/23/2020 0:00,7/23/2025 0:00
73740,722,WEBEX,60,60,7/23/2020 0:00,7/23/2025 0:00
915840,22590,WEBEX,48,48,7/22/2020 0:00,7/22/2024 0:00
559224,8430.75,WEBEX,48,48,7/22/2020 0:00,7/22/2024 0:00
100188,3751,WEBEX,12,12,7/22/2020 0:00,7/22/2021 0:00
73195.2,1720.4,TETRATION,12,12,7/22/2020 0:00,7/22/2021 0:00
466950.96,34282.5,WEBEX,36,36,7/21/2020 0:00,7/21/2023 0:00
1102889.4,30132.74,ELA2,60,60,7/21/2020 0:00,7/21/2025 0:00
296656.56,21760,WEBEX,36,36,7/21/2020 0:00,7/21/2023 0:00
408132,18391.12,ELA2,60,60,7/21/2020 0:00,7/21/2025 0:00
78246,3711.9,ELA2,60,60,7/21/2020 0:00,7/21/2025 0:00
122976,3074.4,CISCO_INTERSIGHT,60,60,7/21/2020 0:00,7/21/2025 0:00
103874.41,2836.68,ELA2,60,60,7/21/2020 0:00,7/21/2025 0:00
61219.8,2758.67,ELA2,60,60,7/21/2020 0:00,7/21/2025 0:00
50863.2,2412.68,ELA2,60,60,7/21/2020 0:00,7/21/2025 0:00
51955.2,1418.84,ELA2,60,60,7/21/2020 0:00,7/21/2025 0:00
31910.39,987.6,ELA2,60,60,7/21/2020 0:00,7/21/2025 0:00
25601.4,906.72,ELA2,60,60,7/21/2020 0:00,7/21/2025 0:00
73200,650,ELA2,60,60,7/21/2020 0:00,7/21/2025 0:00
55020,494,ELA2,60,60,7/21/2020 0:00,7/21/2025 0:00
1191600,29950,WEBEX,36,36,7/20/2020 0:00,7/20/2023 0:00
57743.28,9089.16,N9K_SW_SUB,36,36,7/20/2020 0:00,7/20/2023 0:00
20300.4,408.3,VIPTELA,36,36,7/20/2020 0:00,7/20/2023 0:00
252266.4,5734.8,TETRATION,36,36,7/19/2020 0:00,7/19/2023 0:00
30012,4332.34,APPDYNAMICS,12,12,7/19/2020 0:00,7/19/2021 0:00
41022,1136.49,Cohesity_SolutionsPlus,60,60,7/19/2020 0:00,7/19/2025 0:00
26323.2,729.6,Cohesity_SolutionsPlus,60,60,7/19/2020 0:00,7/19/2025 0:00
24960,1500,UMBRELLA,12,12,7/18/2020 0:00,7/18/2021 0:00
1219500,49125,WEBEX,60,60,7/15/2020 0:00,7/15/2025 0:00
549540,12141,WEBEX,60,60,7/15/2020 0:00,7/15/2025 0:00
183561.11,10846,WEBEX,36,36,7/15/2020 0:00,7/15/2023 0:00
36828.6,2369.1,ELA2,60,60,7/15/2020 0:00,7/15/2025 0:00
44625,946.56,ELA2,60,60,7/15/2020 0:00,7/15/2025 0:00
84330,825.75,WEBEX,60,60,7/15/2020 0:00,7/15/2025 0:00
15918,742.71,ELA2,60,60,7/15/2020 0:00,7/15/2025 0:00
27858.6,591.03,ELA2,60,60,7/15/2020 0:00,7/15/2025 0:00
34020,333,WEBEX,60,60,7/15/2020 0:00,7/15/2025 0:00
136483.2,19859.58,ELA2,60,60,7/14/2020 0:00,7/14/2025 0:00
16014,1997.5,UMBRELLA,12,12,7/12/2020 0:00,7/12/2021 0:00
18884.88,924.26,WEBEX,12,12,7/12/2020 0:00,7/12/2021 0:00
86076,2652,WEBEX,12,12,7/11/2020 0:00,7/11/2021 0:00
52560,1620,WEBEX,12,12,7/11/2020 0:00,7/11/2021 0:00
303264,27126,WEBEX,36,36,7/7/2020 0:00,7/7/2023 0:00
16524,5168,AMP4EP,12,12,7/7/2020 0:00,7/7/2021 0:00
152340.84,4042,ELA2,36,36,7/6/2020 0:00,7/6/2023 0:00
35900.28,3507.08,ELA2,36,36,7/6/2020 0:00,7/6/2023 0:00
70588.8,3199.2,UMBRELLA,36,36,7/6/2020 0:00,7/6/2023 0:00
21802.68,988.13,ELA2,36,36,7/6/2020 0:00,7/6/2023 0:00
135000,6975,UMBRELLA,36,36,7/3/2020 0:00,7/3/2023 0:00
18436896,128034,APPDYNAMICS,36,36,7/1/2020 0:00,7/1/2023 0:00
2680117.43,120028.48,N9K_SW_SUB,84,84,7/1/2020 0:00,7/1/2027 0:00
2574000,71500,Duo Standard,36,36,7/1/2020 0:00,7/1/2023 0:00
1884600,60930,WEBEX,60,60,7/1/2020 0:00,7/1/2025 0:00
137280,17875,UMBRELLA,12,12,7/1/2020 0:00,7/1/2021 0:00
208980,15315,ELA2,36,36,7/1/2020 0:00,7/1/2023 0:00
173160,12728,ELA2,36,36,7/1/2020 0:00,7/1/2023 0:00
155044.8,11359,ELA2,36,36,7/1/2020 0:00,7/1/2023 0:00
122438.16,6937.2,WEBEX,36,36,7/1/2020 0:00,7/1/2023 0:00
401760,6840,WEBEX,36,36,7/1/2020 0:00,7/1/2023 0:00
207576,3534,WEBEX,36,36,7/1/2020 0:00,7/1/2023 0:00
73512,2626,TETRATION,12,12,7/1/2020 0:00,7/1/2021 0:00
50400,2488.9,VIPTELA,36,36,7/1/2020 0:00,7/1/2023 0:00
19200,2400,WEBEX,12,12,7/1/2020 0:00,7/1/2021 0:00
98744.76,1692,ELA2,36,36,7/1/2020 0:00,7/1/2023 0:00
22910.4,1679.8,ELA2,36,36,7/1/2020 0:00,7/1/2023 0:00
37409.04,1677,ELA2,36,36,7/1/2020 0:00,7/1/2023 0:00
37722.24,1571.76,UMBRELLA,36,36,7/1/2020 0:00,7/1/2023 0:00
76860,1372.5,TETRATION,24,24,7/1/2020 0:00,7/1/2022 0:00
19299.24,1303.5,ELA2,36,36,7/1/2020 0:00,7/1/2023 0:00
17316,1258,ELA2,36,36,7/1/2020 0:00,7/1/2023 0:00
40219.2,1117.2,ELA2,36,36,7/1/2020 0:00,7/1/2023 0:00
27444,1113,WEBEX,6,6,7/1/2020 0:00,1/1/2021 0:00
59904,1080,UMBRELLA,60,60,7/1/2020 0:00,7/1/2025 0:00
45964.8,829.44,ELA2,60,60,7/1/2020 0:00,7/1/2025 0:00
21600,765,WEBEX,60,60,7/1/2020 0:00,7/1/2025 0:00
27468,758.16,TROPO,36,36,7/1/2020 0:00,7/1/2023 0:00
40879.8,678.8,WEBEX,60,60,7/1/2020 0:00,7/1/2025 0:00
24281.28,674.48,ELA2,36,36,7/1/2020 0:00,7/1/2023 0:00
48988.81,479.52,WEBEX,60,60,7/1/2020 0:00,7/1/2025 0:00
17640,294,CLOUD_CONNECT,60,60,7/1/2020 0:00,7/1/2025 0:00
17874,292.5,WEBEX,36,36,7/1/2020 0:00,7/1/2023 0:00
39555,275,CISCO_INTERSIGHT,36,36,7/1/2020 0:00,7/1/2023 0:00
310500,22950,UMBRELLA,54,54,6/30/2020 0:00,12/30/2024 0:00
40320,2080,VIPTELA,36,36,6/30/2020 0:00,6/30/2023 0:00
38849.76,2004.12,VIPTELA,36,36,6/30/2020 0:00,6/30/2023 0:00
47268.9,1994.65,UMBRELLA,54,54,6/30/2020 0:00,12/30/2024 0:00
25200,1300,VIPTELA,36,36,6/30/2020 0:00,6/30/2023 0:00
16800.48,866.68,VIPTELA,36,36,6/30/2020 0:00,6/30/2023 0:00
120924,864,CISCO_INTERSIGHT,60,60,6/30/2020 0:00,6/30/2025 0:00
47016,336,CISCO_INTERSIGHT,60,60,6/30/2020 0:00,6/30/2025 0:00
1000442.52,20844,CISCO_INTERSIGHT,12,12,6/28/2020 0:00,6/28/2021 0:00
30195.46,1186.5,CISCO_ONE,43,43,6/28/2020 0:00,1/28/2024 0:00
218385,10919.25,ELA2,60,60,6/26/2020 0:00,6/26/2025 0:00
49404.6,4620,UMBRELLA,36,36,6/26/2020 0:00,6/26/2023 0:00
242640,2900,ELA2,36,36,6/26/2020 0:00,6/26/2023 0:00
126672,7627,UMBRELLA,12,12,6/24/2020 0:00,6/24/2021 0:00
18983.04,1145.53,UMBRELLA,12,12,6/24/2020 0:00,6/24/2021 0:00
42766.2,5154.78,ELA2,60,60,6/23/2020 0:00,6/23/2025 0:00
29814.86,2323.2,WEBEX,24,24,6/23/2020 0:00,6/23/2022 0:00
54450,1360.5,ELA2,60,60,6/23/2020 0:00,6/23/2025 0:00
26880,672,ELA2,60,60,6/23/2020 0:00,6/23/2025 0:00
266091.84,5544,CISCO_INTERSIGHT,12,12,6/22/2020 0:00,6/22/2021 0:00
56184,3832,WEBEX,12,12,6/22/2020 0:00,6/22/2021 0:00
75549.6,2979.9,ELA2,60,60,6/22/2020 0:00,6/22/2025 0:00
81862.2,1682.1,WEBEX,18,18,6/22/2020 0:00,12/22/2021 0:00
25191,993.9,ELA2,60,60,6/22/2020 0:00,6/22/2025 0:00
21060,915,WEBEX,36,36,6/22/2020 0:00,6/22/2023 0:00
16474.2,597.4,ELA2,60,60,6/22/2020 0:00,6/22/2025 0:00
23220,3435,UMBRELLA,12,12,6/21/2020 0:00,6/21/2021 0:00
96264,2188,WEBEX,36,36,6/21/2020 0:00,6/21/2023 0:00
70080,9560,AMP4EP,12,12,6/20/2020 0:00,6/20/2021 0:00
102566.52,4800,UMBRELLA,36,36,6/20/2020 0:00,6/20/2023 0:00
73500,1531.25,TETRATION,12,12,6/20/2020 0:00,6/20/2021 0:00
21348,1344.74,ELA2,36,36,6/20/2020 0:00,6/20/2023 0:00
27646.08,576,CISCO_INTERSIGHT,12,12,6/20/2020 0:00,6/20/2021 0:00
102199.92,3150,APPDYNAMICS,12,12,6/19/2020 0:00,6/19/2021 0:00
55999.92,1166.67,APPDYNAMICS,12,12,6/19/2020 0:00,6/19/2021 0:00
20563.2,1006.4,WEBEX,12,12,6/19/2020 0:00,6/19/2021 0:00
42577.92,7203.84,WEBEX,2,2,6/16/2020 0:00,8/16/2020 0:00
1198800,41520,WEBEX,60,60,6/15/2020 0:00,6/15/2025 0:00
534600,31320,WEBEX,36,36,6/15/2020 0:00,6/15/2023 0:00
250200,16200,WEBEX,36,36,6/15/2020 0:00,6/15/2023 0:00
30440.32,16200,WEBEX,8,8,6/15/2020 0:00,1/15/2021 0:00
131868,4437,WEBEX,36,36,6/15/2020 0:00,6/15/2023 0:00
70092,4059,WEBEX,12,12,6/15/2020 0:00,6/15/2021 0:00
59940,3540,SWATCH_CLOUD,36,36,6/15/2020 0:00,6/15/2023 0:00
298512,3264,ELA2,36,36,6/15/2020 0:00,6/15/2023 0:00
134928,2202,WEBEX,36,36,6/15/2020 0:00,6/15/2023 0:00
89667,2121.76,CLOUD_SUPPORT,36,36,6/15/2020 0:00,6/15/2023 0:00
171840,1711.2,CISCO_INTERSIGHT,60,60,6/15/2020 0:00,6/15/2025 0:00
29618.64,1537.9,ELA2,36,36,6/15/2020 0:00,6/15/2023 0:00
25028.28,1293.5,UMBRELLA,36,36,6/15/2020 0:00,6/15/2023 0:00
24767.28,1286.04,ELA2,36,36,6/15/2020 0:00,6/15/2023 0:00
21752.28,1130.35,ELA2,36,36,6/15/2020 0:00,6/15/2023 0:00
58752,979.2,Vbrick_SolutionsPlus,60,60,6/15/2020 0:00,6/15/2025 0:00
18576,684,WEBEX,36,36,6/15/2020 0:00,6/15/2023 0:00
79995.96,555.53,Vyopta_SolutionsPlus,36,36,6/15/2020 0:00,6/15/2023 0:00
64800,450,Vyopta_SolutionsPlus,36,36,6/15/2020 0:00,6/15/2023 0:00
19569.6,408,CISCO_INTERSIGHT,12,12,6/15/2020 0:00,6/15/2021 0:00
22500,375,Vbrick_SolutionsPlus,60,60,6/15/2020 0:00,6/15/2025 0:00
210394.6,46746.6,TETRATION,13,13,6/13/2020 0:00,7/13/2021 0:00
31680,4320,EMAIL_SEC,12,12,6/12/2020 0:00,6/12/2021 0:00
31680,4320,CLOUD_SECURITY,12,12,6/12/2020 0:00,6/12/2021 0:00
74311.2,2760,WEBEX,60,60,6/12/2020 0:00,6/12/2025 0:00
20400,1700,WEBEX,12,12,6/12/2020 0:00,6/12/2021 0:00
46872,458.8,WEBEX,60,60,6/12/2020 0:00,6/12/2025 0:00
16830,1147.5,WEBEX,12,12,6/10/2020 0:00,6/10/2021 0:00
4001213.52,166744.22,WEBEX,36,36,6/9/2020 0:00,6/9/2023 0:00
6065280,131760,WEBEX,36,36,6/9/2020 0:00,6/9/2023 0:00
5225479.92,76813.54,WEBEX,36,36,6/9/2020 0:00,6/9/2023 0:00
26100,3705,UMBRELLA,12,12,6/9/2020 0:00,6/9/2021 0:00
139200,10150,EMAIL_SEC,60,60,6/8/2020 0:00,6/8/2025 0:00
175680,45360,CLOUDLOCK,12,12,6/6/2020 0:00,6/6/2021 0:00
1196910,47853,WEBEX,36,36,6/5/2020 0:00,6/5/2023 0:00
71280,2145,WEBEX,36,36,6/5/2020 0:00,6/5/2023 0:00
73200,13550,UMBRELLA,12,12,6/3/2020 0:00,6/3/2021 0:00
338844,10962.6,WEBEX,60,60,6/3/2020 0:00,6/3/2025 0:00
110040,4830,WEBEX,12,12,6/3/2020 0:00,6/3/2021 0:00
51181.2,2247,WEBEX,12,12,6/3/2020 0:00,6/3/2021 0:00
86977.8,1418.95,WEBEX,36,36,6/3/2020 0:00,6/3/2023 0:00
16278,1193.25,WEBEX,12,12,6/3/2020 0:00,6/3/2021 0:00
34927.2,569.8,WEBEX,36,36,6/3/2020 0:00,6/3/2023 0:00
33372,543,WEBEX,36,36,6/3/2020 0:00,6/3/2023 0:00
38723.4,3817.8,UMBRELLA,36,36,6/2/2020 0:00,6/2/2023 0:00
26235,1788.75,WEBEX,12,12,6/2/2020 0:00,6/2/2021 0:00
17030.4,1161.6,WEBEX,12,12,6/2/2020 0:00,6/2/2021 0:00
23400,1050,Duo Standard,12,12,6/2/2020 0:00,6/2/2021 0:00
17097,1028.6,UMBRELLA,12,12,6/2/2020 0:00,6/2/2021 0:00
16977.6,878.4,UMBRELLA,36,36,6/2/2020 0:00,6/2/2023 0:00
4972025.16,351120,WEBEX,36,36,6/1/2020 0:00,6/1/2023 0:00
722486.4,90310.8,WEBEX,12,12,6/1/2020 0:00,6/1/2021 0:00
1744200,48450,WEBEX,36,36,6/1/2020 0:00,6/1/2023 0:00
148221.43,40571.88,WEBEX,43,43,6/1/2020 0:00,1/1/2024 0:00
594000,20880,WEBEX,60,60,6/1/2020 0:00,6/1/2025 0:00
664200,19710,WEBEX,60,60,6/1/2020 0:00,6/1/2025 0:00
362510.5,17394.5,WEBEX,11,11,6/1/2020 0:00,5/1/2021 0:00
395280,15495,WEBEX,12,12,6/1/2020 0:00,6/1/2021 0:00
108339.36,13542.42,CLOUD_SUPPORT,12,12,6/1/2020 0:00,6/1/2021 0:00
63384,12342.4,WEBEX,60,60,6/1/2020 0:00,6/1/2025 0:00
435915,12108.76,CLOUD_SUPPORT,36,36,6/1/2020 0:00,6/1/2023 0:00
19553.4,11857.5,WEBEX,12,12,6/1/2020 0:00,6/1/2021 0:00
149739.48,10745,ELA2,36,36,6/1/2020 0:00,6/1/2023 0:00
212917.19,9481.4,ELA2,60,60,6/1/2020 0:00,6/1/2025 0:00
26496,7848,CLOUDLOCK,12,12,6/1/2020 0:00,6/1/2021 0:00
103143.6,7040,ELA2,36,36,6/1/2020 0:00,6/1/2023 0:00
95760,6825,UMBRELLA,36,36,6/1/2020 0:00,6/1/2023 0:00
288684,6567,WEBEX,36,36,6/1/2020 0:00,6/1/2023 0:00
239644.8,6506.5,WEBEX,60,60,6/1/2020 0:00,6/1/2025 0:00
38381.45,6418.32,CISCO_ONE,13,13,6/1/2020 0:00,7/1/2021 0:00
93268.8,6376,ELA2,36,36,6/1/2020 0:00,6/1/2023 0:00
142164,6237,WEBEX,36,36,6/1/2020 0:00,6/1/2023 0:00
100330.56,6214,WEBEX,36,36,6/1/2020 0:00,6/1/2023 0:00
87192,6202,ELA2,36,36,6/1/2020 0:00,6/1/2023 0:00
83429.4,6190.38,ELA2,60,60,6/1/2020 0:00,6/1/2025 0:00
62391.6,5768,ELA2,36,36,6/1/2020 0:00,6/1/2023 0:00
125757,5715.5,WEBEX,60,60,6/1/2020 0:00,6/1/2025 0:00
75645,5376.5,ELA2,36,36,6/1/2020 0:00,6/1/2023 0:00
75570.48,5164.02,ELA2,36,36,6/1/2020 0:00,6/1/2023 0:00
111379.8,4746,WEBEX,60,60,6/1/2020 0:00,6/1/2025 0:00
62087.04,4275,WEBEX,36,36,6/1/2020 0:00,6/1/2023 0:00
129868.2,4216.6,WEBEX,60,60,6/1/2020 0:00,6/1/2025 0:00
126121.2,3898,WEBEX,60,60,6/1/2020 0:00,6/1/2025 0:00
26897.76,3733.2,ELA2,36,36,6/1/2020 0:00,6/1/2023 0:00
49860.72,3543.87,ELA2,36,36,6/1/2020 0:00,6/1/2023 0:00
52093.8,3528,UMBRELLA,36,36,6/1/2020 0:00,6/1/2023 0:00
62220,3315,WEBEX,12,12,6/1/2020 0:00,6/1/2021 0:00
19472.72,3256.32,CISCO_ONE,13,13,6/1/2020 0:00,7/1/2021 0:00
150103.81,3145.45,WEBEX,36,36,6/1/2020 0:00,6/1/2023 0:00
70103.4,3121.6,ELA2,60,60,6/1/2020 0:00,6/1/2025 0:00
61890,3030,WEBEX,12,12,6/1/2020 0:00,6/1/2021 0:00
71204.4,2691.39,ELA2,60,60,6/1/2020 0:00,6/1/2025 0:00
20724,2596,UMBRELLA,12,12,6/1/2020 0:00,6/1/2021 0:00
16588.8,2570.24,AMP4EP,12,12,6/1/2020 0:00,6/1/2021 0:00
42000,2333.33,APPDYNAMICS,12,12,6/1/2020 0:00,6/1/2021 0:00
24982.92,2210,ELA2,36,36,6/1/2020 0:00,6/1/2023 0:00
120159,2174.25,WEBEX,26,26,6/1/2020 0:00,8/1/2022 0:00
26826.48,1906.71,ELA2,36,36,6/1/2020 0:00,6/1/2023 0:00
23058,1634.5,ELA2,36,36,6/1/2020 0:00,6/1/2023 0:00
45338.4,1620,CISCO_INTERSIGHT,12,12,6/1/2020 0:00,6/1/2021 0:00
26691.84,1545.6,WEBEX,12,12,6/1/2020 0:00,6/1/2021 0:00
20880,1490,ELA2,36,36,6/1/2020 0:00,6/1/2023 0:00
30240,1480,WEBEX,12,12,6/1/2020 0:00,6/1/2021 0:00
21288,1452,WEBEX,12,12,6/1/2020 0:00,6/1/2021 0:00
18010.5,1354.17,Threat Grid Cloud,25,25,6/1/2020 0:00,6/1/2022 0:00
27379,1311,WEBEX,11,11,6/1/2020 0:00,5/1/2021 0:00
17246.78,1296.75,Threat Grid Cloud,25,25,6/1/2020 0:00,6/1/2022 0:00
76464,1296,WEBEX,36,36,6/1/2020 0:00,6/1/2023 0:00
18163.8,1291,ELA2,36,36,6/1/2020 0:00,6/1/2023 0:00
17884.08,1271.11,ELA2,36,36,6/1/2020 0:00,6/1/2023 0:00
25574.4,1235.2,UMBRELLA,36,36,6/1/2020 0:00,6/1/2023 0:00
24384,1193,WEBEX,12,12,6/1/2020 0:00,6/1/2021 0:00
16576.56,1178.2,ELA2,36,36,6/1/2020 0:00,6/1/2023 0:00
50490,1147.5,WEBEX,36,36,6/1/2020 0:00,6/1/2023 0:00
123264,1144,ELA2,36,36,6/1/2020 0:00,6/1/2023 0:00
22957.2,1108.95,ELA2,60,60,6/1/2020 0:00,6/1/2025 0:00
28251.6,1067.49,ELA2,60,60,6/1/2020 0:00,6/1/2025 0:00
26809.2,867.36,ELA2,60,60,6/1/2020 0:00,6/1/2025 0:00
17256.6,768.42,ELA2,60,60,6/1/2020 0:00,6/1/2025 0:00
46800,700,WEBEX,36,36,6/1/2020 0:00,6/1/2023 0:00
29337.6,687.6,WEBEX,12,12,6/1/2020 0:00,6/1/2021 0:00
39780,595,CLOUD_SUPPORT,36,36,6/1/2020 0:00,6/1/2023 0:00
28886.4,557.6,WEBEX,36,36,6/1/2020 0:00,6/1/2023 0:00
20034,490.25,WEBEX,24,24,6/1/2020 0:00,6/1/2022 0:00
17073,474.25,ELA2,36,36,6/1/2020 0:00,6/1/2023 0:00
16936.25,435.6,CISCO_INTERSIGHT,17,17,6/1/2020 0:00,10/1/2021 0:00
18295.2,368.02,N9K_SW_SUB,36,36,6/1/2020 0:00,6/1/2023 0:00
86164.8,359.04,CISCO_INTERSIGHT,60,60,6/1/2020 0:00,6/1/2025 0:00
43362,267.3,WEBEX,60,60,6/1/2020 0:00,6/1/2025 0:00
17980.19,217,VIPTELA,60,60,6/1/2020 0:00,6/1/2025 0:00
222600,0,WEBEX,12,12,6/1/2020 0:00,6/1/2021 0:00
835679.79,101945.8,WEBEX,26,26,5/31/2020 0:00,7/31/2022 0:00
240516,27761,WEBEX,36,36,5/31/2020 0:00,5/31/2023 0:00
138600,21450,WEBEX,12,12,5/31/2020 0:00,5/31/2021 0:00
123791.46,15100.22,WEBEX,26,26,5/31/2020 0:00,7/31/2022 0:00
215493.84,15063.18,WEBEX,36,36,5/31/2020 0:00,5/31/2023 0:00
88322.4,6946.6,VIPTELA,36,36,5/31/2020 0:00,5/31/2023 0:00
104544,5896,WEBEX,36,36,5/31/2020 0:00,5/31/2023 0:00
19800,4245,UMBRELLA,12,12,5/31/2020 0:00,5/31/2021 0:00
128957.4,3842.85,WEBEX,36,36,5/31/2020 0:00,5/31/2023 0:00
79380,3307.5,WEBEX,36,36,5/31/2020 0:00,5/31/2023 0:00
38629.44,3038.08,VIPTELA,36,36,5/31/2020 0:00,5/31/2023 0:00
16800,2600,WEBEX,12,12,5/31/2020 0:00,5/31/2021 0:00
28296,2370,WEBEX,36,36,5/31/2020 0:00,5/31/2023 0:00
31360.32,2240,VIPTELA,36,36,5/31/2020 0:00,5/31/2023 0:00
192780,1887,WEBEX,60,60,5/31/2020 0:00,5/31/2025 0:00
62510.4,1863.6,WEBEX,36,36,5/31/2020 0:00,5/31/2023 0:00
19314.72,1519.04,VIPTELA,36,36,5/31/2020 0:00,5/31/2023 0:00
92393.07,1505.9,WEBEX,36,36,5/31/2020 0:00,5/31/2023 0:00
215982,1500,CISCO_INTERSIGHT,36,36,5/31/2020 0:00,5/31/2023 0:00
36630,1232.5,WEBEX,36,36,5/31/2020 0:00,5/31/2023 0:00
32400,1206,UMBRELLA,60,60,5/31/2020 0:00,5/31/2025 0:00
31293,1161.45,ELA2,60,60,5/31/2020 0:00,5/31/2025 0:00
53978.4,1132.2,WEBEX,28,28,5/31/2020 0:00,9/30/2022 0:00
113400,1110,WEBEX,60,60,5/31/2020 0:00,5/31/2025 0:00
28450.8,1055.46,ELA2,60,60,5/31/2020 0:00,5/31/2025 0:00
20034,980.5,WEBEX,12,12,5/31/2020 0:00,5/31/2021 0:00
80905.8,936.71,WEBEX,60,60,5/31/2020 0:00,5/31/2025 0:00
17749.8,887.5,VIPTELA,60,60,5/31/2020 0:00,5/31/2025 0:00
16999.92,708.34,VIPTELA,36,36,5/31/2020 0:00,5/31/2023 0:00
96390,688.5,ELA2,60,60,5/31/2020 0:00,5/31/2025 0:00
44070,435.5,WEBEX,60,60,5/31/2020 0:00,5/31/2025 0:00
37422,366.3,WEBEX,60,60,5/31/2020 0:00,5/31/2025 0:00
19278,188.7,CLOUD_SUPPORT,60,60,5/31/2020 0:00,5/31/2025 0:00
18000,0,WEBEX,60,60,5/31/2020 0:00,5/31/2025 0:00
16500,0,WEBEX,60,60,5/31/2020 0:00,5/31/2025 0:00
2143200,339720,WEBEX,60,60,5/30/2020 0:00,5/30/2025 0:00
7692300,155295,WEBEX,60,60,5/30/2020 0:00,5/30/2025 0:00
1083600,23940,WEBEX,60,60,5/30/2020 0:00,5/30/2025 0:00
375144,11611.6,WEBEX,60,60,5/30/2020 0:00,5/30/2025 0:00
102060,7749,WEBEX,60,60,5/30/2020 0:00,5/30/2025 0:00
95040,5610,WEBEX,36,36,5/30/2020 0:00,5/30/2023 0:00
427200,4960,WEBEX,60,60,5/30/2020 0:00,5/30/2025 0:00
134568,2562,WEBEX,36,36,5/30/2020 0:00,5/30/2023 0:00
36000,2333.34,VIPTELA,36,36,5/30/2020 0:00,5/30/2023 0:00
41999.76,2166.66,VIPTELA,36,36,5/30/2020 0:00,5/30/2023 0:00
174522,2021.3,WEBEX,60,60,5/30/2020 0:00,5/30/2025 0:00
61200,1300,WEBEX,36,36,5/30/2020 0:00,5/30/2023 0:00
24040.8,1176.6,WEBEX,7,7,5/30/2020 0:00,12/30/2020 0:00
15966,1089,WEBEX,12,12,5/30/2020 0:00,5/30/2021 0:00
23328,968,UMBRELLA,36,36,5/30/2020 0:00,5/30/2023 0:00
82128,951.2,WEBEX,60,60,5/30/2020 0:00,5/30/2025 0:00
24190.08,864,CISCO_INTERSIGHT,12,12,5/30/2020 0:00,5/30/2021 0:00
71280,837,WEBEX,60,60,5/30/2020 0:00,5/30/2025 0:00
29491.2,614.4,Duo Standard,12,12,5/30/2020 0:00,5/30/2021 0:00
46752,542.4,WEBEX,60,60,5/30/2020 0:00,5/30/2025 0:00
25519.69,513.34,VIPTELA,36,36,5/30/2020 0:00,5/30/2023 0:00
40713.12,485.1,CISCO_INTERSIGHT,36,36,5/30/2020 0:00,5/30/2023 0:00
27090,0,WEBEX,12,12,5/30/2020 0:00,5/30/2021 0:00
147899.52,2975.04,VIPTELA,36,36,5/29/2020 15:58,5/29/2023 15:58
129922.56,2613.28,VIPTELA,36,36,5/29/2020 15:58,5/29/2023 15:58
18295.2,368.02,N9K_SW_SUB,36,36,5/29/2020 15:57,5/29/2023 15:57
23199.6,280,VIPTELA,60,60,5/29/2020 15:09,5/29/2025 15:09
21726,437.02,N9K_SW_SUB,36,36,5/29/2020 14:29,5/29/2023 14:29
245700,8905,WEBEX,60,60,5/29/2020 13:15,5/29/2025 13:15
219480,2542,WEBEX,60,60,5/29/2020 13:15,5/29/2025 13:15
113280,1312,WEBEX,60,60,5/29/2020 13:15,5/29/2025 13:15
270771,12516.01,N9K_SW_SUB,60,60,5/29/2020 12:48,5/29/2025 12:48
125932.8,5821.36,N9K_SW_SUB,60,60,5/29/2020 12:45,5/29/2025 12:45
340038,15717.78,N9K_SW_SUB,60,60,5/29/2020 12:42,5/29/2025 12:42
17599.68,733.34,VIPTELA,36,36,5/29/2020 11:53,5/29/2023 11:53
18000,700,VIPTELA,60,60,5/29/2020 11:42,5/29/2025 11:42
20879.65,420,VIPTELA,36,36,5/29/2020 11:39,5/29/2023 11:39
65076.48,1309,VIPTELA,36,36,5/29/2020 11:04,5/29/2023 11:04
20563.2,503.2,WEBEX,24,24,5/29/2020 11:00,5/29/2022 11:00
16675.2,335.4,VIPTELA,36,36,5/29/2020 10:29,5/29/2023 10:29
23199.61,280,VIPTELA,60,60,5/29/2020 8:38,5/29/2025 8:38
17108.4,506.9,N9K_SW_SUB,60,60,5/29/2020 8:37,5/29/2025 8:37
18295.2,368.02,N9K_SW_SUB,36,36,5/29/2020 8:37,5/29/2023 8:37
33120,3461.1,N9K_SW_SUB,36,36,5/29/2020 8:30,5/29/2023 8:30
33120,3461.1,N9K_SW_SUB,36,36,5/29/2020 8:27,5/29/2023 8:27
21726,437.02,N9K_SW_SUB,36,36,5/29/2020 7:16,5/29/2023 7:16
21726,437.02,N9K_SW_SUB,36,36,5/29/2020 7:15,5/29/2023 7:15
82407.6,9156.62,N9K_SW_SUB,36,36,5/29/2020 6:58,5/29/2023 6:58
21726,437.02,N9K_SW_SUB,36,36,5/29/2020 6:58,5/29/2023 6:58
48024,1423.01,CISCO_ONE,60,60,5/29/2020 6:57,5/29/2025 6:57
21726,437.02,N9K_SW_SUB,36,36,5/29/2020 6:57,5/29/2023 6:57
74323.2,1929.44,N9K_SW_SUB,60,60,5/29/2020 6:40,5/29/2025 6:40
58771.2,1525.64,N9K_SW_SUB,60,60,5/29/2020 6:40,5/29/2025 6:40
23227.2,602.94,N9K_SW_SUB,60,60,5/29/2020 6:40,5/29/2025 6:40
18580.8,482.36,N9K_SW_SUB,60,60,5/29/2020 6:40,5/29/2025 6:40
17980.2,217,VIPTELA,60,60,5/29/2020 6:05,5/29/2025 6:05
26999.64,6750,IOS-XR,36,36,5/29/2020 6:04,5/29/2023 6:04
78120,2268,UMBRELLA,36,36,5/29/2020 0:45,5/29/2023 0:45
93240,214060,WEBEX,36,36,5/29/2020 0:00,5/29/2023 0:00
831600,48720,WEBEX,36,36,5/29/2020 0:00,5/29/2023 0:00
91210.8,6544.16,ELA2,60,60,5/29/2020 0:00,5/29/2025 0:00
175800,6230,ELA2,60,60,5/29/2020 0:00,5/29/2025 0:00
16168,5376.8,WEBEX,20,20,5/29/2020 0:00,1/29/2022 0:00
167359.8,4010,WEBEX,60,60,5/29/2020 0:00,5/29/2025 0:00
52800,3600,WEBEX,12,12,5/29/2020 0:00,5/29/2021 0:00
82800,2930,AMP4EP,60,60,5/29/2020 0:00,5/29/2025 0:00
42579.84,2465.6,WEBEX,12,12,5/29/2020 0:00,5/29/2021 0:00
66576,2357.84,ELA2,60,60,5/29/2020 0:00,5/29/2025 0:00
37327.68,2289.76,CANDID,36,36,5/29/2020 0:00,5/29/2023 0:00
56160,1998,UMBRELLA,60,60,5/29/2020 0:00,5/29/2025 0:00
24904.8,1887,ELA2,60,60,5/29/2020 0:00,5/29/2025 0:00
31623.11,1872.5,WEBEX,36,36,5/29/2020 0:00,5/29/2023 0:00
53306.4,1860,UMBRELLA,60,60,5/29/2020 0:00,5/29/2025 0:00
33660,1815,WEBEX,36,36,5/29/2020 0:00,5/29/2023 0:00
36224.4,1751.25,ELA2,60,60,5/29/2020 0:00,5/29/2025 0:00
72036,1749,TETRATION,36,36,5/29/2020 0:00,5/29/2023 0:00
27968.76,1715.59,CANDID,36,36,5/29/2020 0:00,5/29/2023 0:00
47700,1689,ELA2,60,60,5/29/2020 0:00,5/29/2025 0:00
16280,1575.2,WEBEX,20,20,5/29/2020 0:00,1/29/2022 0:00
23958,1441,UMBRELLA,36,36,5/29/2020 0:00,5/29/2023 0:00
28123.2,1376.4,WEBEX,12,12,5/29/2020 0:00,5/29/2021 0:00
20035.68,1160.44,WEBEX,12,12,5/29/2020 0:00,5/29/2021 0:00
27445.2,1151.04,ELA2,60,60,5/29/2020 0:00,5/29/2025 0:00
63000,1125,TETRATION,24,24,5/29/2020 0:00,5/29/2022 0:00
15966,1089,WEBEX,12,12,5/29/2020 0:00,5/29/2021 0:00
31628.52,910.91,ELA2,36,36,5/29/2020 0:00,5/29/2023 0:00
30481.92,881.28,ELA2,36,36,5/29/2020 0:00,5/29/2023 0:00
43452,874.04,N9K_SW_SUB,36,36,5/29/2020 0:00,5/29/2023 0:00
39000,794.56,ON_PREMISE,60,60,5/29/2020 0:00,5/29/2025 0:00
26115.84,755.04,ELA2,36,36,5/29/2020 0:00,5/29/2023 0:00
22146.6,753,ELA2,60,60,5/29/2020 0:00,5/29/2025 0:00
39571.2,714.48,ELA2,60,60,5/29/2020 0:00,5/29/2025 0:00
23832,689.02,ELA2,36,36,5/29/2020 0:00,5/29/2023 0:00
18259.2,647.04,CLOUD_CONNECT,60,60,5/29/2020 0:00,5/29/2025 0:00
18450,627.5,UMBRELLA,36,36,5/29/2020 0:00,5/29/2023 0:00
18295.2,564.2,ELA2,60,60,5/29/2020 0:00,5/29/2025 0:00
17979.85,541.08,N9K_SW_SUB,36,36,5/29/2020 0:00,5/29/2023 0:00
21726,437.02,N9K_SW_SUB,36,36,5/29/2020 0:00,5/29/2023 0:00
18295.2,368.04,N9K_SW_SUB,36,36,5/29/2020 0:00,5/29/2023 0:00
25652.88,178.2,CISCO_INTERSIGHT,36,36,5/29/2020 0:00,5/29/2023 0:00
27090,0,WEBEX,12,12,5/29/2020 0:00,5/29/2021 0:00
17979.84,1581.6,N9K_SW_SUB,36,36,5/28/2020 23:16,5/28/2023 23:16
117079.2,6782.15,WEBEX,12,12,5/28/2020 23:15,5/28/2021 23:15
41012.64,2789.16,N9K_SW_SUB,36,36,5/28/2020 16:54,5/28/2023 16:54
58771.2,1525.64,N9K_SW_SUB,60,60,5/28/2020 9:03,5/28/2025 9:03
217710,6047.5,WEBEX,36,36,5/28/2020 7:30,5/28/2023 7:30
21460.31,431.66,VIPTELA,36,36,5/28/2020 6:55,5/28/2023 6:55
17980.2,217,VIPTELA,60,60,5/28/2020 3:30,5/28/2025 3:30
35960.39,434,VIPTELA,60,60,5/28/2020 3:21,5/28/2025 3:21
25624.8,7281.13,IOS-XR,60,60,5/28/2020 2:43,5/28/2025 2:43
25624.8,7280.8,IOS-XR,60,60,5/28/2020 2:43,5/28/2025 2:43
16200,2550,IOS-XR,36,36,5/28/2020 2:27,5/28/2023 2:27
146460,7170,WEBEX,12,12,5/28/2020 0:00,5/28/2021 0:00
53220,3630,WEBEX,12,12,5/28/2020 0:00,5/28/2021 0:00
32130,3255,CLOUD_SECURITY,12,12,5/28/2020 0:00,5/28/2021 0:00
44064,2448,WEBEX,12,12,5/28/2020 0:00,5/28/2021 0:00
112320,2018.4,Cohesity_SolutionsPlus,60,60,5/28/2020 0:00,5/28/2025 0:00
31860,1845,WEBEX,12,12,5/28/2020 0:00,5/28/2021 0:00
37620,1705,WEBEX,36,36,5/28/2020 0:00,5/28/2023 0:00
84240,1515.6,Cohesity_SolutionsPlus,60,60,5/28/2020 0:00,5/28/2025 0:00
30051,1470.75,WEBEX,12,12,5/28/2020 0:00,5/28/2021 0:00
27889.2,1365.18,WEBEX,12,12,5/28/2020 0:00,5/28/2021 0:00
62370,1017.5,WEBEX,36,36,5/28/2020 0:00,5/28/2023 0:00
26017.2,801.9,WEBEX,12,12,5/28/2020 0:00,5/28/2021 0:00
37440,672.8,Cohesity_SolutionsPlus,60,60,5/28/2020 0:00,5/28/2025 0:00
29332.8,287.12,WEBEX,60,60,5/28/2020 0:00,5/28/2025 0:00
27090,0,WEBEX,1,1,5/28/2020 0:00,6/28/2020 0:00
18058.8,491.06,N9K_SW_SUB,60,60,5/27/2020 14:30,5/27/2025 14:30
89440,2157,WEBEX,36,36,5/27/2020 12:15,4/27/2023 12:15
25370,492,WEBEX,36,36,5/27/2020 12:15,4/27/2023 12:15
35167.2,997.96,N9K_SW_SUB,60,60,5/27/2020 12:00,5/27/2025 12:00
22969.2,277.22,N9K_SW_SUB,60,60,5/27/2020 11:37,5/27/2025 11:37
539723.52,10421.68,WEBEX,36,36,5/27/2020 11:00,5/27/2023 11:00
263715.84,5090.56,WEBEX,36,36,5/27/2020 11:00,5/27/2023 11:00
135360,2615,TROPO,36,36,5/27/2020 11:00,5/27/2023 11:00
17629.2,629.7,WEBEX,12,12,5/27/2020 10:45,5/27/2021 10:45
20160,995.56,VIPTELA,36,36,5/27/2020 10:33,5/27/2023 10:33
75600,4070,WEBEX,20,20,5/27/2020 9:30,1/27/2022 9:30
19530,1892.55,WEBEX,20,20,5/27/2020 9:30,1/27/2022 9:30
21000,650,VIPTELA,60,60,5/27/2020 9:12,5/27/2025 9:12
15732.35,877.32,N9K_SW_SUB,36,36,5/27/2020 7:36,5/27/2023 7:36
3617828.76,424278.4,WEBEX,36,36,5/27/2020 0:00,5/26/2023 23:59
5419419.6,308417.76,WEBEX,36,36,5/27/2020 0:00,5/26/2023 23:59
1505280,94560,WEBEX,12,12,5/27/2020 0:00,5/27/2021 0:00
824813.78,91892.99,CLOUD_SUPPORT,36,36,5/27/2020 0:00,5/26/2023 23:59
777168,44268.25,WEBEX,36,36,5/27/2020 0:00,5/27/2023 0:00
96091.72,28084.9,WEBEX,33,33,5/27/2020 0:00,2/27/2023 0:00
704620.8,27227.2,WEBEX,36,36,5/27/2020 0:00,5/27/2023 0:00
223200,13100,UMBRELLA,36,36,5/27/2020 0:00,5/27/2023 0:00
123576,12958,WEBEX,60,60,5/27/2020 0:00,5/27/2025 0:00
73400.59,10132.74,WEBEX,33,33,5/27/2020 0:00,2/27/2023 0:00
222393.6,9422.4,WEBEX,36,36,5/27/2020 0:00,5/27/2023 0:00
75180,6265,UMBRELLA,12,12,5/27/2020 0:00,5/27/2021 0:00
217710,6047.5,WEBEX,36,36,5/27/2020 0:00,5/27/2023 0:00
250208.64,4807.01,WEBEX,36,36,5/27/2020 0:00,5/27/2023 0:00
85532.03,4771,WEBEX,36,36,5/27/2020 0:00,5/27/2023 0:00
225144,4346,WEBEX,36,36,5/27/2020 0:00,5/27/2023 0:00
95400,4319.5,WEBEX,36,36,5/27/2020 0:00,5/27/2023 0:00
131670,3580.5,WEBEX,60,60,5/27/2020 0:00,5/27/2025 0:00
19437.6,3008.6,WEBEX,12,12,5/27/2020 0:00,5/27/2021 0:00
120334.5,2983.5,WEBEX,33,33,5/27/2020 0:00,2/27/2023 0:00
35000.04,2916.67,APPDYNAMICS,12,12,5/27/2020 0:00,5/27/2021 0:00
29292.11,1937.5,WEBEX,36,36,5/27/2020 0:00,5/27/2023 0:00
41491.08,1847.5,WEBEX,36,36,5/27/2020 0:00,5/27/2023 0:00
21384,1623.6,WEBEX,60,60,5/27/2020 0:00,5/27/2025 0:00
27009.6,1564,WEBEX,12,12,5/27/2020 0:00,5/27/2021 0:00
17820,1485,WEBEX,12,12,5/27/2020 0:00,5/27/2021 0:00
22348.8,1319.2,UMBRELLA,36,36,5/27/2020 0:00,5/27/2023 0:00
42030.48,1295.46,WEBEX,12,12,5/27/2020 0:00,5/27/2021 0:00
53505.36,1026.74,WEBEX,36,36,5/27/2020 0:00,5/27/2023 0:00
47391.84,914.82,CLOUD_SUPPORT,36,36,5/27/2020 0:00,5/27/2023 0:00
30755.16,913.64,WEBEX,36,36,5/27/2020 0:00,5/27/2023 0:00
47385,910.91,CLOUD_SUPPORT,36,36,5/27/2020 0:00,5/27/2023 0:00
27720,770,WEBEX,36,36,5/27/2020 0:00,5/27/2023 0:00
31795.2,614.1,WEBEX,36,36,5/27/2020 0:00,5/27/2023 0:00
31338,605,WEBEX,36,36,5/27/2020 0:00,5/27/2023 0:00
21450,582.5,UMBRELLA,60,60,5/27/2020 0:00,5/27/2025 0:00
17520,540,WEBEX,12,12,5/27/2020 0:00,5/27/2021 0:00
16372.8,513,WEBEX,36,36,5/27/2020 0:00,5/27/2023 0:00
19090.53,435.6,WEBEX,36,36,5/27/2020 0:00,5/26/2023 23:59
28080,420,Duo Standard,36,36,5/27/2020 0:00,5/27/2023 0:00
20879.64,420,IOS-XR,36,36,5/27/2020 0:00,5/27/2023 0:00
21027.6,405.9,WEBEX,36,36,5/27/2020 0:00,5/27/2023 0:00
56155.32,390,CISCO_INTERSIGHT,36,36,5/27/2020 0:00,5/27/2023 0:00
19152,370,WEBEX,36,36,5/27/2020 0:00,5/27/2023 0:00
15792,329,Calabrio_SolutionsPlus,12,12,5/27/2020 0:00,5/27/2021 0:00
41469.12,288,CISCO_INTERSIGHT,36,36,5/27/2020 0:00,5/27/2023 0:00
16783.2,273.8,WEBEX,36,36,5/27/2020 0:00,5/27/2023 0:00
35903.23,0,WEBEX,36,36,5/27/2020 0:00,5/26/2023 23:59
27090,0,WEBEX,1,1,5/27/2020 0:00,6/27/2020 0:00
27090,0,WEBEX,12,12,5/27/2020 0:00,5/27/2021 0:00
31398,971.86,N9K_SW_SUB,60,60,5/26/2020 23:23,5/26/2025 23:23
2674584,87212.4,VIPTELA,36,36,5/26/2020 22:18,5/26/2023 22:18
21726,437.02,N9K_SW_SUB,36,36,5/26/2020 17:24,5/26/2023 17:24
15732.72,603.5,N9K_SW_SUB,36,36,5/26/2020 16:03,5/26/2023 16:03
66532.8,2059.28,N9K_SW_SUB,60,60,5/26/2020 15:09,5/26/2025 15:09
21726,437.02,N9K_SW_SUB,36,36,5/26/2020 12:57,5/26/2023 12:57
18295.2,368.04,N9K_SW_SUB,36,36,5/26/2020 12:57,5/26/2023 12:57
152082,3059.14,N9K_SW_SUB,36,36,5/26/2020 12:56,5/26/2023 12:56
17979.85,541.08,N9K_SW_SUB,36,36,5/26/2020 11:57,5/26/2023 11:57
56700,975,WEBEX,36,36,5/26/2020 6:30,5/26/2023 6:30
27000,450,WEBEX,36,36,5/26/2020 6:30,5/26/2023 6:30
42617.4,7163.1,WEBEX,12,12,5/26/2020 0:00,5/26/2021 0:00
56796.84,6121.5,WEBEX,36,36,5/26/2020 0:00,5/26/2023 0:00
49572,5870,WEBEX,12,12,5/26/2020 0:00,5/26/2021 0:00
70056,2366,AMP4EP,36,36,5/26/2020 0:00,5/26/2023 0:00
72778.08,2243.16,WEBEX,12,12,5/26/2020 0:00,5/26/2021 0:00
87494.4,1909.6,WEBEX,36,36,5/26/2020 0:00,5/26/2023 0:00
28202.04,1507.35,ELA2,36,36,5/26/2020 0:00,5/26/2023 0:00
38025,1365,Duo Standard,15,15,5/26/2020 0:00,8/26/2021 0:00
21155.4,1177.62,ELA2,36,36,5/26/2020 0:00,5/26/2023 0:00
37562.88,1157.76,WEBEX,12,12,5/26/2020 0:00,5/26/2021 0:00
19140,1155,CLOUD_CONNECT,12,12,5/26/2020 0:00,5/26/2021 0:00
155820,1113,WEBEX,12,12,5/26/2020 0:00,5/26/2021 0:00
17664.6,1022.95,WEBEX,12,12,5/26/2020 0:00,5/26/2021 0:00
44352,1008,WEBEX,36,36,5/26/2020 0:00,5/26/2023 0:00
27988.8,999.6,WEBEX,10,10,5/26/2020 0:00,3/26/2021 0:00
45936,924,AMP4EP,36,36,5/26/2020 0:00,5/26/2023 0:00
17043.12,876.6,WEBEX,36,36,5/26/2020 0:00,5/26/2023 0:00
63936,760,ELA2,36,36,5/26/2020 0:00,5/26/2023 0:00
31932,726,WEBEX,36,36,5/26/2020 0:00,5/26/2023 0:00
20385,425,CISCO_INTERSIGHT,12,12,5/26/2020 0:00,5/26/2021 0:00
16880.64,17.45,WEBEX,12,12,5/26/2020 0:00,5/26/2021 0:00
27090,0,WEBEX,12,12,5/26/2020 0:00,5/26/2021 0:00
17500.05,0,Duo Standard,15,15,5/26/2020 0:00,8/26/2021 0:00
41166.72,2013.76,WEBEX,12,12,5/25/2020 18:45,5/25/2021 18:45
28844.65,580.22,N9K_SW_SUB,36,36,5/25/2020 13:12,5/25/2023 13:12
28677.6,576.86,N9K_SW_SUB,36,36,5/25/2020 13:06,5/25/2023 13:06
28677.6,576.86,N9K_SW_SUB,36,36,5/25/2020 13:03,5/25/2023 13:03
28844.65,580.22,N9K_SW_SUB,36,36,5/25/2020 12:57,5/25/2023 12:57
27562.8,332.66,N9K_SW_SUB,60,60,5/25/2020 9:00,5/25/2025 9:00
16027.2,784.4,WEBEX,12,12,5/25/2020 8:45,4/25/2021 8:45
1879200,142800,WEBEX,36,36,5/25/2020 0:00,5/25/2023 0:00
125987.4,64293.57,Duo Standard,12,12,5/25/2020 0:00,5/25/2021 0:00
629027.4,20400,ELA2,60,60,5/25/2020 0:00,5/25/2025 0:00
310502.39,15104.96,VIPTELA,60,60,5/25/2020 0:00,5/25/2025 0:00
397800,9360,UMBRELLA,60,60,5/25/2020 0:00,5/25/2025 0:00
482422.2,5280,ELA2,60,60,5/25/2020 0:00,5/25/2025 0:00
117427.8,5160.37,VIPTELA,60,60,5/25/2020 0:00,5/25/2025 0:00
48246.48,4629,ELA2,36,36,5/25/2020 0:00,5/25/2023 0:00
143414.4,4186.69,ELA2,60,60,5/25/2020 0:00,5/25/2025 0:00
43020.72,3883.68,WEBEX,12,12,5/25/2020 0:00,5/25/2021 0:00
69660,3870,WEBEX,12,12,5/25/2020 0:00,5/25/2021 0:00
82080,3720,ELA2,36,36,5/25/2020 0:00,5/25/2023 0:00
50820,3465,APPDYNAMICS,12,12,5/25/2020 0:00,5/25/2021 0:00
240776.64,2867.4,CISCO_INTERSIGHT,36,36,5/25/2020 0:00,5/25/2023 0:00
96144,2800,ELA2,60,60,5/25/2020 0:00,5/25/2025 0:00
41280.12,2587.5,ELA2,36,36,5/25/2020 0:00,5/25/2023 0:00
81090,2507.5,AMP4EP,60,60,5/25/2020 0:00,5/25/2025 0:00
53730,2436,ELA2,36,36,5/25/2020 0:00,5/25/2023 0:00
47956.68,2292.06,ELA2,36,36,5/25/2020 0:00,5/25/2023 0:00
42055.56,2275.92,ELA2,36,36,5/25/2020 0:00,5/25/2023 0:00
16394.4,2046,UMBRELLA,12,12,5/25/2020 0:00,5/25/2021 0:00
38416.8,1806.36,VIPTELA,60,60,5/25/2020 0:00,5/25/2025 0:00
33235.56,1667.75,ELA2,36,36,5/25/2020 0:00,5/25/2023 0:00
57561,1140.65,WEBEX,60,60,5/25/2020 0:00,5/25/2025 0:00
47970,799.5,ELA2,60,60,5/25/2020 0:00,5/25/2025 0:00
33660,765,WEBEX,36,36,5/25/2020 0:00,5/25/2023 0:00
15795,708.75,Duo Standard,12,12,5/25/2020 0:00,5/25/2021 0:00
21672,451.5,WEBEX,12,12,5/25/2020 0:00,5/25/2021 0:00
19200,450,ELA2,60,60,5/25/2020 0:00,5/25/2025 0:00
20880,252,VIPTELA,60,60,5/25/2020 0:00,5/25/2025 0:00
27090,0,WEBEX,12,12,5/25/2020 0:00,5/25/2021 0:00
17520,437.96,CISCO_ONE,60,60,5/24/2020 23:38,5/24/2025 23:38
17065.2,426.62,CISCO_ONE,60,60,5/24/2020 23:38,5/24/2025 23:38
652686.91,0,WEBEX,12,12,5/24/2020 16:15,5/24/2021 16:15
91009.97,0,WEBEX,12,12,5/24/2020 16:15,5/24/2021 16:15
1197990,91035,WEBEX,36,36,5/24/2020 0:00,5/24/2023 0:00
241920,86310,SWATCH_CLOUD,36,36,5/24/2020 0:00,5/24/2023 0:00
16536,3276,UMBRELLA,12,12,5/24/2020 0:00,5/24/2021 0:00
49512,2424,WEBEX,12,12,5/24/2020 0:00,5/24/2021 0:00
27200.65,2266.64,CISCO_ONE,12,12,5/24/2020 0:00,5/24/2021 0:00
55711.81,1587.45,WEBEX,36,36,5/24/2020 0:00,5/24/2023 0:00
30240,1480,WEBEX,12,12,5/24/2020 0:00,5/24/2021 0:00
51836.4,1080,CISCO_INTERSIGHT,12,12,5/24/2020 0:00,5/24/2021 0:00
18606.24,1077.48,WEBEX,12,12,5/24/2020 0:00,5/24/2021 0:00
16064.63,523.85,VIPTELA,36,36,5/24/2020 0:00,5/24/2023 0:00
30844.8,503.2,WEBEX,36,36,5/24/2020 0:00,5/24/2023 0:00
21726,437.02,N9K_SW_SUB,36,36,5/24/2020 0:00,5/24/2023 0:00
20552.21,318.4,WEBEX,43,43,5/24/2020 0:00,12/24/2023 0:00
243118.08,208.86,NSO SBP,36,36,5/24/2020 0:00,5/24/2023 0:00
182338.56,156.66,NSO SBP,36,36,5/24/2020 0:00,5/24/2023 0:00
174599.28,150,NSO SBP,36,36,5/24/2020 0:00,5/24/2023 0:00
23458.56,60.46,NSO SBP,12,12,5/24/2020 0:00,5/24/2021 0:00
54026.64,46.41,NSO SBP,36,36,5/24/2020 0:00,5/24/2023 0:00
600001.2,0,TETRATION,36,36,5/24/2020 0:00,5/24/2023 0:00
22193.28,924.74,N9K_SW_SUB,36,36,5/23/2020 12:03,5/23/2023 12:03
46656,1142.4,VIPTELA,60,60,5/23/2020 7:54,5/23/2025 7:54
35046.35,1142.81,N9K_SW_SUB,36,36,5/23/2020 7:18,5/23/2023 7:18
345747.97,21150,WEBEX,36,36,5/23/2020 0:00,5/23/2023 0:00
1171296,8366.4,ELA2,60,60,5/23/2020 0:00,5/23/2025 0:00
53784,8343,UMBRELLA,12,12,5/23/2020 0:00,5/23/2021 0:00
142505.22,7093.02,WEBEX,39,39,5/23/2020 0:00,8/23/2023 0:00
145584,4122,Duo Standard,24,24,5/23/2020 0:00,5/23/2022 0:00
20328,3766,CLOUD_SECURITY,12,12,5/23/2020 0:00,5/23/2021 0:00
81641.52,2916,CISCO_INTERSIGHT,12,12,5/23/2020 0:00,5/23/2021 0:00
38870.4,2365.44,VIPTELA,60,60,5/23/2020 0:00,5/23/2025 0:00
73566,1890,WEBEX,36,36,5/23/2020 0:00,5/23/2023 0:00
17409.97,1733.99,CISCO_ONE,36,36,5/23/2020 0:00,5/23/2023 0:00
30087,1665,WEBEX,36,36,5/23/2020 0:00,5/23/2023 0:00
67286.68,1062.06,WEBEX,35,35,5/23/2020 0:00,4/23/2023 0:00
34038,604.5,WEBEX,36,36,5/23/2020 0:00,5/23/2023 0:00
21960,390,WEBEX,36,36,5/23/2020 0:00,5/23/2023 0:00
27090,0,WEBEX,12,12,5/23/2020 0:00,5/23/2021 0:00
15682.8,530.68,N9K_SW_SUB,60,60,5/22/2020 20:03,5/22/2025 20:03
15682.8,530.68,N9K_SW_SUB,60,60,5/22/2020 20:00,5/22/2025 20:00
18156.25,542.22,N9K_SW_SUB,36,36,5/22/2020 17:09,5/22/2023 17:09
27128.15,998.92,N9K_SW_SUB,36,36,5/22/2020 16:48,5/22/2023 16:48
18156.25,542.22,N9K_SW_SUB,36,36,5/22/2020 16:33,5/22/2023 16:33
95936.39,6891.61,CISCO_ONE,24,24,5/22/2020 15:30,5/22/2022 15:30
20412,1466.3,CISCO_ONE,24,24,5/22/2020 15:30,5/22/2022 15:30
16038.72,1676,N9K_SW_SUB,36,36,5/22/2020 15:18,5/22/2023 15:18
27128.15,998.92,N9K_SW_SUB,36,36,5/22/2020 15:18,5/22/2023 15:18
16038.72,1676,N9K_SW_SUB,36,36,5/22/2020 15:17,5/22/2023 15:17
27951.83,2920.9,N9K_SW_SUB,36,36,5/22/2020 15:15,5/22/2023 15:15
39150,472.5,IOS-XR,60,60,5/22/2020 14:54,5/22/2025 14:54
23490,283.5,IOS-XR,60,60,5/22/2020 14:54,5/22/2025 14:54
16655.04,693.98,N9K_SW_SUB,36,36,5/22/2020 14:51,5/22/2023 14:51
20910,443.54,N9K_SW_SUB,60,60,5/22/2020 14:42,5/22/2025 14:42
16603.92,691.8,N9K_SW_SUB,36,36,5/22/2020 14:39,5/22/2023 14:39
20910,443.54,N9K_SW_SUB,60,60,5/22/2020 14:39,5/22/2025 14:39
41820,887.08,N9K_SW_SUB,60,60,5/22/2020 14:36,5/22/2025 14:36
16655.04,693.98,N9K_SW_SUB,36,36,5/22/2020 14:36,5/22/2023 14:36
1226918.11,73569.65,WEBEX,38,38,5/22/2020 13:15,7/22/2023 13:15
47316.96,1314.36,N9K_SW_SUB,36,36,5/22/2020 12:39,5/22/2023 12:39
153179.64,4995,IOS-XR,36,36,5/22/2020 12:34,5/22/2023 12:34
144000,4000,IOS-XR,36,36,5/22/2020 12:34,5/22/2023 12:34
26163.35,726.76,N9K_SW_SUB,36,36,5/22/2020 12:12,5/22/2023 12:12
18295.2,368.02,N9K_SW_SUB,36,36,5/22/2020 11:48,5/22/2023 11:48
44660.88,898.26,VIPTELA,36,36,5/22/2020 11:42,5/22/2023 11:42
16240.31,326.66,VIPTELA,36,36,5/22/2020 11:42,5/22/2023 11:42
18295.21,368.02,N9K_SW_SUB,36,36,5/22/2020 11:11,5/22/2023 11:11
41179.81,497,VIPTELA,60,60,5/22/2020 10:33,5/22/2025 10:33
41179.81,497,VIPTELA,60,60,5/22/2020 10:30,5/22/2025 10:30
18728.65,1560.76,N9K_SW_SUB,36,36,5/22/2020 10:24,5/22/2023 10:24
41179.81,497,VIPTELA,60,60,5/22/2020 10:24,5/22/2025 10:24
37457.28,3121.52,N9K_SW_SUB,36,36,5/22/2020 10:09,5/22/2023 10:09
56779.2,1927.76,N9K_SW_SUB,36,36,5/22/2020 9:48,5/22/2023 9:48
31544.65,876.24,N9K_SW_SUB,36,36,5/22/2020 9:45,5/22/2023 9:45
48300.48,971.56,N9K_SW_SUB,36,36,5/22/2020 9:39,5/22/2023 9:39
28389.6,963.88,N9K_SW_SUB,36,36,5/22/2020 9:39,5/22/2023 9:39
22193.28,924.74,N9K_SW_SUB,36,36,5/22/2020 9:30,5/22/2023 9:30
27562.8,332.66,N9K_SW_SUB,60,60,5/22/2020 9:20,5/22/2025 9:20
33361.2,1820.1,N9K_SW_SUB,60,60,5/22/2020 9:06,5/22/2025 9:06
122324.4,6673.7,N9K_SW_SUB,60,60,5/22/2020 9:03,5/22/2025 9:03
18295.2,368.02,N9K_SW_SUB,36,36,5/22/2020 8:32,5/22/2023 8:32
23100.11,1191.69,VIPTELA,36,36,5/22/2020 8:24,5/22/2023 8:24
91962,5109,WEBEX,12,12,5/22/2020 8:00,5/22/2021 8:00
19959.6,459.38,N9K_SW_SUB,60,60,5/22/2020 7:36,5/22/2025 7:36
39919.2,918.76,N9K_SW_SUB,60,60,5/22/2020 7:33,5/22/2025 7:33
19959.6,459.38,N9K_SW_SUB,60,60,5/22/2020 7:30,5/22/2025 7:30
25717.97,1327.95,UMBRELLA,36,36,5/22/2020 5:15,4/22/2023 5:15
26255.66,1190,UMBRELLA,36,36,5/22/2020 5:15,4/22/2023 5:15
25704,1258,WEBEX,12,12,5/22/2020 4:45,5/22/2021 4:45
25624.8,7281.13,IOS-XR,60,60,5/22/2020 3:42,5/22/2025 3:42
25624.8,7281.13,IOS-XR,60,60,5/22/2020 3:35,5/22/2025 3:35
25624.8,7281.13,IOS-XR,60,60,5/22/2020 3:22,5/22/2025 3:22
25624.8,7281.13,IOS-XR,60,60,5/22/2020 3:20,5/22/2025 3:20
25624.8,7281.13,IOS-XR,60,60,5/22/2020 3:17,5/22/2025 3:17
25624.8,7281.13,IOS-XR,60,60,5/22/2020 3:15,5/22/2025 3:15
25624.8,7281.13,IOS-XR,60,60,5/22/2020 3:07,5/22/2025 3:07
25624.8,7281.13,IOS-XR,60,60,5/22/2020 3:05,5/22/2025 3:05
25624.8,7281.13,IOS-XR,60,60,5/22/2020 2:31,5/22/2025 2:31
25624.8,7281.13,IOS-XR,60,60,5/22/2020 2:28,5/22/2025 2:28
25624.8,7281.13,IOS-XR,60,60,5/22/2020 2:27,5/22/2025 2:27
46337.9,2450,EMAIL_SEC,17,17,5/22/2020 2:15,10/22/2021 2:15
592456.36,20544,WEBEX,38,38,5/22/2020 2:00,7/22/2023 2:00
25624.8,7281.13,IOS-XR,60,60,5/22/2020 1:21,5/22/2025 1:21
1116000,66500,WEBEX,36,36,5/22/2020 0:00,5/22/2023 0:00
612360,25515,WEBEX,36,36,5/22/2020 0:00,5/22/2023 0:00
649071.12,16530,WEBEX,36,36,5/22/2020 0:00,5/22/2023 0:00
254795.04,15600,ELA2,36,36,5/22/2020 0:00,5/22/2023 0:00
373547.26,15030,WEBEX,36,36,5/22/2020 0:00,5/22/2023 0:00
190080,11682,WEBEX,36,36,5/22/2020 0:00,5/22/2023 0:00
228456,10354,DNA_Spaces,36,36,5/22/2020 0:00,5/22/2023 0:00
132048,8646,WEBEX,12,12,5/22/2020 0:00,5/22/2021 0:00
205826.4,8576.1,ELA2,36,36,5/22/2020 0:00,5/22/2023 0:00
141912,8004,ELA2,36,36,5/22/2020 0:00,5/22/2023 0:00
131976,7446,ELA2,36,36,5/22/2020 0:00,5/22/2023 0:00
54300,7375,UMBRELLA,12,12,5/22/2020 0:00,5/22/2021 0:00
96288,5576,WEBEX,12,12,5/22/2020 0:00,5/22/2021 0:00
90000,4800,EMAIL_SEC,36,36,5/22/2020 0:00,5/22/2023 0:00
48328.8,4564.48,N9K_SW_SUB,60,60,5/22/2020 0:00,5/22/2025 0:00
45858,4331,N9K_SW_SUB,60,60,5/22/2020 0:00,5/22/2025 0:00
95040,3960,UMBRELLA,36,36,5/22/2020 0:00,5/22/2023 0:00
102096,3932,WEBEX,36,36,5/22/2020 0:00,5/22/2023 0:00
97812,3803.8,WEBEX,60,60,5/22/2020 0:00,5/22/2025 0:00
81216,3376,UMBRELLA,36,36,5/22/2020 0:00,5/22/2023 0:00
56160,3120,WEBEX,12,12,5/22/2020 0:00,5/22/2021 0:00
57241.08,3086.49,ELA2,36,36,5/22/2020 0:00,5/22/2023 0:00
48144,2788,WEBEX,12,12,5/22/2020 0:00,5/22/2021 0:00
56628,2652,Duo Standard,12,12,5/22/2020 0:00,5/22/2021 0:00
53978.4,2641.8,WEBEX,12,12,5/22/2020 0:00,5/22/2021 0:00
17500,2320,UMBRELLA,14,14,5/22/2020 0:00,7/22/2021 0:00
50400,2268,CLOUD_SECURITY,36,36,5/22/2020 0:00,5/22/2023 0:00
32042.16,1860,WEBEX,36,36,5/22/2020 0:00,5/22/2023 0:00
31880.16,1797.96,ELA2,36,36,5/22/2020 0:00,5/22/2023 0:00
20448,1698,UMBRELLA,12,12,5/22/2020 0:00,5/22/2021 0:00
15696,1596,AMP4EP,12,12,5/22/2020 0:00,5/22/2021 0:00
22157.28,1581.09,CISCO_INTERSIGHT,36,36,5/22/2020 0:00,5/22/2023 0:00
32868,1559.4,ELA2,60,60,5/22/2020 0:00,5/22/2025 0:00
31502.16,1524.8,WEBEX,36,36,5/22/2020 0:00,5/22/2023 0:00
30865.68,1286.06,ELA2,36,36,5/22/2020 0:00,5/22/2023 0:00
20855.88,1176.22,ELA2,36,36,5/22/2020 0:00,5/22/2023 0:00
21532.69,1161.12,ELA2,36,36,5/22/2020 0:00,5/22/2023 0:00
19398,1033.5,WEBEX,12,12,5/22/2020 0:00,5/22/2021 0:00
48924,1020,CISCO_INTERSIGHT,12,12,5/22/2020 0:00,5/22/2021 0:00
48750,1015.63,Vbrick_SolutionsPlus,12,12,5/22/2020 0:00,5/22/2021 0:00
17820,1005,ELA2,36,36,5/22/2020 0:00,5/22/2023 0:00
16344,990,UMBRELLA,12,12,5/22/2020 0:00,5/22/2021 0:00
48000,977.92,ON_PREMISE,60,60,5/22/2020 0:00,5/22/2025 0:00
23097.6,962.4,WEBEX,36,36,5/22/2020 0:00,5/22/2023 0:00
38036.16,910.96,ELA2,36,36,5/22/2020 0:00,5/22/2023 0:00
15632.64,843,ELA2,36,36,5/22/2020 0:00,5/22/2023 0:00
17100,810,UMBRELLA,60,60,5/22/2020 0:00,5/22/2025 0:00
18373.68,765.58,ELA2,36,36,5/22/2020 0:00,5/22/2023 0:00
29723.04,711.86,ELA2,36,36,5/22/2020 0:00,5/22/2023 0:00
30844.8,503.2,WEBEX,36,36,5/22/2020 0:00,5/22/2023 0:00
25352.64,405,ELA2,36,36,5/22/2020 0:00,5/22/2023 0:00
64800,360,ELA2,60,60,5/22/2020 0:00,5/22/2025 0:00
399000,0,WEBEX,12,12,5/22/2020 0:00,5/22/2021 0:00
27090,0,WEBEX,1,1,5/22/2020 0:00,6/22/2020 0:00
64978.56,9472.56,VIPTELA,36,36,5/21/2020 23:54,5/21/2023 23:54
25624.8,7281.13,IOS-XR,60,60,5/21/2020 23:48,5/21/2025 23:48
25624.8,7281.13,IOS-XR,60,60,5/21/2020 23:40,5/21/2025 23:40
25624.8,7281.13,IOS-XR,60,60,5/21/2020 23:35,5/21/2025 23:35
25624.8,7281.13,IOS-XR,60,60,5/21/2020 23:26,5/21/2025 23:26
25624.8,7281.13,IOS-XR,60,60,5/21/2020 23:19,5/21/2025 23:19
25624.8,7281.13,IOS-XR,60,60,5/21/2020 23:12,5/21/2025 23:12
25624.8,7281.13,IOS-XR,60,60,5/21/2020 23:01,5/21/2025 23:01
25624.8,7281.13,IOS-XR,60,60,5/21/2020 22:46,5/21/2025 22:46
25624.8,7281.13,IOS-XR,60,60,5/21/2020 22:37,5/21/2025 22:37
38437.2,10921.7,IOS-XR,60,60,5/21/2020 22:30,5/21/2025 22:30
23062.2,6552.6,IOS-XR,60,60,5/21/2020 22:30,5/21/2025 22:30
25624.8,7281.13,IOS-XR,60,60,5/21/2020 22:17,5/21/2025 22:17
25200,4830,IOS-XR,60,60,5/21/2020 18:52,5/21/2025 18:52
278064,47448.4,VIPTELA,36,36,5/21/2020 17:39,5/21/2023 17:39
21726,437.02,N9K_SW_SUB,36,36,5/21/2020 14:49,5/21/2023 14:49
18925.92,1226.72,N9K_SW_SUB,36,36,5/21/2020 12:47,5/21/2023 12:47
21726,437.02,N9K_SW_SUB,36,36,5/21/2020 12:47,5/21/2023 12:47
130356,2622.12,N9K_SW_SUB,36,36,5/21/2020 12:39,5/21/2023 12:39
17172,1219,WEBEX,12,12,5/21/2020 11:00,5/21/2021 11:00
116868.95,2996.76,N9K_SW_SUB,36,36,5/21/2020 10:57,5/21/2023 10:57
20879.65,420,VIPTELA,36,36,5/21/2020 10:49,5/21/2023 10:49
21171,255.5,CISCO_ONE,60,60,5/21/2020 9:30,5/21/2025 9:30
18329.76,4907.5,IOS-XR,36,36,5/21/2020 8:39,5/21/2023 8:39
78439.68,12583.18,N9K_SW_SUB,36,36,5/21/2020 7:05,5/21/2023 7:05
45238.2,546,IOS-XR,60,60,5/21/2020 4:07,5/21/2025 4:07
15660,189,IOS-XR,60,60,5/21/2020 4:06,5/21/2025 4:06
21460.31,431.66,VIPTELA,36,36,5/21/2020 2:54,5/21/2023 2:54
363659.99,56335,CLOUD_SECURITY,12,12,5/21/2020 0:00,5/21/2021 0:00
100696.68,43248.46,ELA2,36,36,5/21/2020 0:00,5/21/2023 0:00
266096.14,23212.17,ELA2,38,38,5/21/2020 0:00,7/21/2023 0:00
371571.21,23072.8,ELA2,38,38,5/21/2020 0:00,7/21/2023 0:00
82378.3,11882.4,ELA2,38,38,5/21/2020 0:00,7/21/2023 0:00
183759.64,11420.36,ELA2,38,38,5/21/2020 0:00,7/21/2023 0:00
164446.14,10220.34,ELA2,38,38,5/21/2020 0:00,7/21/2023 0:00
60420,9310,CLOUD_SECURITY,12,12,5/21/2020 0:00,5/21/2021 0:00
148380,7265,WEBEX,12,12,5/21/2020 0:00,5/21/2021 0:00
175824,5209.6,WEBEX,60,60,5/21/2020 0:00,5/21/2025 0:00
77565.22,4818.18,ELA2,38,38,5/21/2020 0:00,7/21/2023 0:00
72600,3550,WEBEX,12,12,5/21/2020 0:00,5/21/2021 0:00
22673.08,3233.3,ELA2,38,38,5/21/2020 0:00,7/21/2023 0:00
32614.26,2027.48,ELA2,38,38,5/21/2020 0:00,7/21/2023 0:00
34428,1993,WEBEX,12,12,5/21/2020 0:00,5/21/2021 0:00
70110.36,1668.5,ELA2,36,36,5/21/2020 0:00,5/21/2023 0:00
23822.58,1480.68,ELA2,38,38,5/21/2020 0:00,7/21/2023 0:00
57600,1200,Appspace_SolutionsPlus,12,12,5/21/2020 0:00,5/21/2021 0:00
46800,1130,CLOUDLOCK,36,36,5/21/2020 0:00,5/21/2023 0:00
44280,1070,ELA2,36,36,5/21/2020 0:00,5/21/2023 0:00
22200,1000,Duo Standard,12,12,5/21/2020 0:00,5/21/2021 0:00
105300,945,Duo Standard,60,60,5/21/2020 0:00,5/21/2025 0:00
21870.01,912.5,UMBRELLA,36,36,5/21/2020 0:00,5/21/2023 0:00
16962,830.5,WEBEX,12,12,5/21/2020 0:00,5/21/2021 0:00
21960,610,Duo Standard,36,36,5/21/2020 0:00,5/21/2023 0:00
21027.6,405.9,WEBEX,36,36,5/21/2020 0:00,5/21/2023 0:00
33264,220,WEBEX,56,56,5/21/2020 0:00,1/21/2025 0:00
23100,128.3,EPNM,60,60,5/21/2020 0:00,5/21/2025 0:00
25645.8,7304.96,IOS-XR,60,60,5/20/2020 23:50,5/20/2025 23:50
25645.8,7304.96,IOS-XR,60,60,5/20/2020 23:17,5/20/2025 23:17
25645.8,7304.96,IOS-XR,60,60,5/20/2020 23:08,5/20/2025 23:08
25645.8,7304.96,IOS-XR,60,60,5/20/2020 22:52,5/20/2025 22:52
25645.8,7304.96,IOS-XR,60,60,5/20/2020 22:37,5/20/2025 22:37
34216.8,1013.8,N9K_SW_SUB,60,60,5/20/2020 22:15,5/20/2025 22:15
68433.6,2027.6,N9K_SW_SUB,60,60,5/20/2020 22:12,5/20/2025 22:12
68433.6,2027.6,N9K_SW_SUB,60,60,5/20/2020 22:09,5/20/2025 22:09
21460.31,431.66,VIPTELA,36,36,5/20/2020 16:53,5/20/2023 16:53
18295.2,368.02,N9K_SW_SUB,36,36,5/20/2020 14:40,5/20/2023 14:40
23761.2,396.02,N9K_SW_SUB,60,60,5/20/2020 13:13,5/20/2025 13:13
85146,1881.1,N9K_SW_SUB,60,60,5/20/2020 10:48,5/20/2025 10:48
20300.4,408.3,VIPTELA,36,36,5/20/2020 10:06,5/20/2023 10:06
27648,2099.2,VIPTELA,60,60,5/20/2020 8:03,5/20/2025 8:03
25520.04,513.33,VIPTELA,36,36,5/20/2020 4:24,5/20/2023 4:24
25520.04,513.33,VIPTELA,36,36,5/20/2020 4:21,5/20/2023 4:21
64260,1887,WEBEX,20,20,5/20/2020 4:15,1/20/2022 4:15
29966.4,1248.64,N9K_SW_SUB,36,36,5/20/2020 2:09,5/20/2023 2:09
152250,6527.5,ELA2,60,60,5/20/2020 0:00,5/20/2025 0:00
144900,6195,UMBRELLA,60,60,5/20/2020 0:00,5/20/2025 0:00
36624,5663,CLOUD_SECURITY,12,12,5/20/2020 0:00,5/20/2021 0:00
126000,5400.5,ELA2,60,60,5/20/2020 0:00,5/20/2025 0:00
91962,5109,WEBEX,12,12,5/20/2020 0:00,5/20/2021 0:00
80601,3960.38,ELA2,60,60,5/20/2020 0:00,5/20/2025 0:00
56160,3120,WEBEX,12,12,5/20/2020 0:00,5/20/2021 0:00
35000.04,2916.67,APPDYNAMICS,12,12,5/20/2020 0:00,5/20/2021 0:00
41940,2145,Duo Standard,12,12,5/20/2020 0:00,5/20/2021 0:00
34830,2133,CLOUD_SECURITY,15,15,5/20/2020 0:00,8/20/2021 0:00
21024,1216,WEBEX,36,36,5/20/2020 0:00,5/20/2023 0:00
16530,997.5,WEBEX,12,12,5/20/2020 0:00,5/20/2021 0:00
22105.2,975.5,ELA2,60,60,5/20/2020 0:00,5/20/2025 0:00
24475.8,951.83,ELA2,60,60,5/20/2020 0:00,5/20/2025 0:00
20173.2,864.58,ELA2,60,60,5/20/2020 0:00,5/20/2025 0:00
20260.8,787.92,ELA2,60,60,5/20/2020 0:00,5/20/2025 0:00
19857,772.23,ELA2,60,60,5/20/2020 0:00,5/20/2025 0:00
27090,0,WEBEX,1,1,5/20/2020 0:00,6/20/2020 0:00
369781.2,14539.2,N9K_SW_SUB,36,36,5/19/2020 23:53,5/19/2023 23:53
40775.04,6418.4,IOS-XR,36,36,5/19/2020 23:53,5/19/2023 23:53
40775.04,6418.24,IOS-XR,36,36,5/19/2020 23:53,5/19/2023 23:53
21890.89,860.72,N9K_SW_SUB,36,36,5/19/2020 23:53,5/19/2023 23:53
135764.65,8013.84,N9K_SW_SUB,36,36,5/19/2020 23:23,5/19/2023 23:23
15840,1760,IOS-XR,36,36,5/19/2020 16:34,5/19/2023 16:34
267535.18,22598.01,WEBEX,36,36,5/19/2020 0:00,5/18/2023 23:59
70092,4059,WEBEX,12,12,5/19/2020 0:00,5/19/2021 0:00
50878.64,989.5,WEBEX,36,36,5/19/2020 0:00,5/18/2023 23:59
38610,526.5,TROPO,60,60,5/19/2020 0:00,5/19/2025 0:00
35741.94,0,WEBEX,36,36,5/19/2020 0:00,5/18/2023 23:59
556984.82,94062.48,WEBEX,36,12,5/17/2020 0:00,5/16/2021 23:59
142560,1620,SPNAC,12,NULL,5/15/2020 0:00,5/15/2021 0:00
30179.52,1477.04,WEBEX,12,12,5/15/2020 0:00,5/14/2021 23:59
103140,1170,SPNAC,12,NULL,5/15/2020 0:00,5/15/2021 0:00
33538.52,1020,WEBEX,24,24,5/14/2020 0:00,5/13/2022 23:59
729021.83,12350,WEBEX,60,59,5/6/2020 0:00,5/5/2025 23:59
750862.97,3180,WEBEX,60,59,5/6/2020 0:00,5/5/2025 23:59
120421.42,3060,WEBEX,60,59,5/6/2020 0:00,5/5/2025 23:59
27666.35,503.2,WEBEX,33,32,5/5/2020 0:00,2/4/2023 23:59
19524.77,2089.8,WEBEX,12,11,4/27/2020 0:00,4/26/2021 23:59
87567.09,5265,WEBEX,60,59,4/25/2020 0:00,4/24/2025 23:59
38918.71,2340,WEBEX,60,59,4/25/2020 0:00,4/24/2025 23:59
27972,1080,Duo Standard,12,11,4/25/2020 0:00,4/24/2021 23:59
676198.82,41644,ELA2,36,36,4/24/2020 0:00,4/24/2023 0:00
280449,17250,ELA2,36,36,4/24/2020 0:00,4/24/2023 0:00
76079,13.26,WEBEX,36,35,4/24/2020 0:00,4/23/2023 23:59
43285.06,8.2,WEBEX,36,35,4/24/2020 0:00,4/23/2023 23:59
111318.91,24430,WEBEX,36,35,4/17/2020 0:00,4/16/2023 23:59
394154.12,7379,WEBEX,60,59,4/15/2020 0:00,4/14/2025 23:59
159162.96,1886,WEBEX,60,59,4/15/2020 0:00,4/14/2025 23:59
240312.29,6890,WEBEX,60,58,4/14/2020 0:00,4/13/2025 23:59
238107.33,31210.4,WEBEX,36,35,4/13/2020 0:00,4/12/2023 23:59
265358.9,23662.6,WEBEX,36,35,4/13/2020 0:00,4/12/2023 23:59
189952.25,8040,WEBEX,49,48,4/11/2020 0:00,5/24/2024 23:59
377248.95,9322.14,WEBEX,36,34,4/8/2020 0:00,4/7/2023 23:59
69166.32,4518,WEBEX,36,34,4/7/2020 0:00,4/6/2023 23:59
42066.53,1015.63,Vbrick_SolutionsPlus,12,10,3/31/2020 0:00,3/30/2021 23:59
18120.97,437.5,Vbrick_SolutionsPlus,12,10,3/31/2020 0:00,3/30/2021 23:59
48621.77,8775,WEBEX,36,10,3/30/2020 0:00,3/29/2021 23:59
30870.97,3000,WEBEX,36,10,3/30/2020 0:00,3/29/2021 23:59
28028,1470,Duo Standard,12,10,3/30/2020 0:00,3/29/2021 23:59
25519.69,513.34,VIPTELA,36,36,3/30/2020 0:00,3/30/2023 0:00
30501.94,3920,UMBRELLA,12,10,3/22/2020 0:00,3/21/2021 23:59
25343.87,2420,Duo Standard,12,8,3/17/2020 0:00,3/16/2021 23:59
47209.81,413,WEBEX,49,46,3/2/2020 0:00,4/1/2024 23:59
52000.49,8662.1,WEBEX,60,57,2/24/2020 0:00,2/23/2025 23:59
22488.63,645,Duo Standard,12,9,2/14/2020 0:00,2/13/2021 23:59
90017.06,3243.8,WEBEX,36,33,2/9/2020 0:00,2/8/2023 23:59
66941.72,2624.35,WEBEX,36,31,1/31/2020 0:00,1/30/2023 23:59
37092.36,1034.55,WEBEX,36,31,1/31/2020 0:00,1/30/2023 23:59
223211.78,20217.18,WEBEX,36,32,1/29/2020 0:00,1/28/2023 23:59
59058.29,1285.1,CLOUD_SUPPORT,36,32,1/29/2020 0:00,1/28/2023 23:59
52300.11,1153.82,WEBEX,36,32,1/29/2020 0:00,1/28/2023 23:59
25542,557.28,WEBEX,36,32,1/29/2020 0:00,1/28/2023 23:59
17102.8,1092,WEBEX,13,9,1/27/2020 0:00,2/26/2021 23:59
31424.52,2178,Duo Standard,12,8,1/14/2020 0:00,1/13/2021 23:59
112388.08,1478.32,UMBRELLA,60,55,1/14/2020 0:00,1/13/2025 23:59
55826.08,729.63,UMBRELLA,60,55,1/14/2020 0:00,1/13/2025 23:59
35247.58,637.5,UMBRELLA,60,55,1/14/2020 0:00,1/13/2025 23:59
31388.32,411.1,UMBRELLA,60,55,1/14/2020 0:00,1/13/2025 23:59
34238.71,1525,Duo Standard,12,7,1/10/2020 0:00,1/9/2021 23:59
48898.3,1277.76,WEBEX,36,31,1/8/2020 0:00,1/7/2023 23:59
25966.42,1145,TROPO,36,31,1/8/2020 0:00,1/7/2023 23:59
128121.29,34561,WEBEX,48,43,1/1/2020 0:00,12/31/2023 23:59
134048.84,8321.73,WEBEX,36,31,12/23/2019 0:00,12/22/2022 23:59
73178.43,2209.68,WEBEX,60,54,11/30/2019 0:00,11/29/2024 23:59
22177.44,241.8,WEBEX,60,54,11/30/2019 0:00,11/29/2024 23:59
193686.78,93837.12,WEBEX,12,6,11/15/2019 0:00,11/14/2020 23:59
59486.61,28810.05,WEBEX,12,6,11/15/2019 0:00,11/14/2020 23:59
215299.95,7804.5,WEBEX,60,54,11/12/2019 0:00,11/11/2024 23:59
65262.04,847,WEBEX,60,54,11/12/2019 0:00,11/11/2024 23:59
99184.84,13590,UMBRELLA,36,29,11/9/2019 0:00,11/8/2022 23:59
87264,0,WEBEX,12,12,11/1/2019 0:00,10/31/2020 23:59
24283.45,3139,TETRATION,12,5,10/24/2019 0:00,10/23/2020 23:59
80958.46,5703.5,WEBEX,36,29,10/21/2019 0:00,10/20/2022 23:59
113148,2294,WEBEX,36,29,10/21/2019 0:00,10/20/2022 23:59
58398.97,1184,WEBEX,36,29,10/21/2019 0:00,10/20/2022 23:59
71493.92,4251,WEBEX,36,29,10/18/2019 0:00,10/17/2022 23:59
31062.16,2034.24,WEBEX,36,29,10/18/2019 0:00,10/17/2022 23:59
102012.06,1597.2,WEBEX,60,52,10/10/2019 0:00,10/9/2024 23:59
16520.89,185.64,WEBEX,60,52,10/10/2019 0:00,10/9/2024 23:59
25714.84,3700,WEBEX,12,4,10/1/2019 0:00,9/30/2020 23:59
24954.27,726,WEBEX,36,28,9/30/2019 0:00,9/29/2022 23:59
1530658.31,68853.72,ELA2,60,52,9/27/2019 0:00,9/26/2024 23:59
84520.7,7975,WEBEX,36,28,9/27/2019 0:00,9/26/2022 23:59
155932.43,7014.48,ELA2,60,52,9/27/2019 0:00,9/26/2024 23:59
120191.26,4019.2,ELA2,60,52,9/27/2019 0:00,9/26/2024 23:59
224186.32,2678,ELA2,60,52,9/27/2019 0:00,9/26/2024 23:59
69112.31,1715.85,WEBEX,36,28,9/27/2019 0:00,9/26/2022 23:59
35670.87,885.6,WEBEX,36,28,9/27/2019 0:00,9/26/2022 23:59
27990.32,0,WEBEX,36,28,9/27/2019 0:00,9/26/2022 23:59
185921.12,9087.96,WEBEX,36,28,9/25/2019 0:00,9/24/2022 23:59
34314.31,1839.06,WEBEX,36,28,9/25/2019 0:00,9/24/2022 23:59
41149.57,0,NSO SBP,60,52,9/23/2019 0:00,9/22/2024 23:59
64356,4674,WEBEX,12,12,9/21/2019 0:00,9/20/2020 23:59
95913.18,1768.8,WEBEX,36,28,9/19/2019 0:00,9/18/2022 23:59
24751.79,455.6,WEBEX,36,28,9/19/2019 0:00,9/18/2022 23:59
61571.61,0,WEBEX,36,28,9/19/2019 0:00,9/18/2022 23:59
323334.19,3712,WEBEX,60,51,9/4/2019 0:00,9/3/2024 23:59
65651.61,1920,WEBEX,60,51,9/4/2019 0:00,9/3/2024 23:59
20574,2797.5,WEBEX,12,12,8/31/2019 0:00,8/30/2020 23:59
114614.74,4053,WEBEX,60,51,8/23/2019 0:00,8/22/2024 23:59
16848.96,195,WEBEX,60,51,8/23/2019 0:00,8/22/2024 23:59
55849.94,2091,WEBEX,36,27,8/19/2019 0:00,8/18/2022 23:59
37134,1818,WEBEX,12,12,8/17/2019 0:00,8/16/2020 23:59
29792.23,5074.5,WEBEX,12,3,8/14/2019 0:00,8/13/2020 23:59
15935.63,3691.66,WEBEX,12,3,8/14/2019 0:00,8/13/2020 23:59
29984.44,664.4,WEBEX,36,27,8/13/2019 0:00,8/12/2022 23:59
17638.53,390.8,WEBEX,36,27,8/13/2019 0:00,8/12/2022 23:59
666812.89,27840,WEBEX,60,51,8/6/2019 0:00,8/5/2024 23:59
95696.77,7756,AMP4EP,36,26,8/1/2019 0:00,7/31/2022 23:59
288432.52,3872,WEBEX,60,50,8/1/2019 0:00,7/31/2024 23:59
29691.28,989.82,WEBEX,36,26,8/1/2019 0:00,7/31/2022 23:59
160404.66,3752.93,WEBEX,36,25,7/31/2019 0:00,7/30/2022 23:59
103280.32,2445,WEBEX,60,50,7/31/2019 0:00,7/30/2024 23:59
25172.4,1912.32,WEBEX,36,26,7/31/2019 0:00,7/30/2022 23:59
39470.37,560.79,WEBEX,36,26,7/31/2019 0:00,7/30/2022 23:59
20371.8,289.44,WEBEX,36,26,7/31/2019 0:00,7/30/2022 23:59
868801.28,25823.28,WEBEX,42,32,7/29/2019 0:00,1/28/2023 23:59
256293.44,1331206.44,WEBEX,36,26,7/26/2019 0:00,7/25/2022 23:59
1099800,75200,WEBEX,36,26,7/26/2019 0:00,7/25/2022 23:59
220109.81,52923.2,WEBEX,36,26,7/26/2019 0:00,7/25/2022 23:59
522600,19900,WEBEX,36,26,7/26/2019 0:00,7/25/2022 23:59
390000,0,WEBEX,36,26,7/26/2019 0:00,7/25/2022 23:59
285684.24,6993.24,WEBEX,36,24,7/11/2019 0:00,7/10/2022 23:59
55988.32,5227.2,WEBEX,39,28,7/9/2019 0:00,10/8/2022 23:59
123309.29,2849,WEBEX,36,25,7/9/2019 0:00,7/8/2022 23:59
56009.88,1372.68,WEBEX,39,28,7/9/2019 0:00,10/8/2022 23:59
28908.33,708.48,WEBEX,39,28,7/9/2019 0:00,10/8/2022 23:59
34746.72,5844.78,WEBEX,12,12,7/5/2019 0:00,7/4/2020 23:59
31557.42,4747,WEBEX,12,1,7/1/2019 0:00,6/30/2020 23:59
21364.73,503.2,WEBEX,36,25,6/26/2019 0:00,6/25/2022 23:59
8405927.52,793203.51,WEBEX,36,24,6/15/2019 0:00,6/14/2022 23:59
4204800,463550,WEBEX,36,24,6/15/2019 0:00,6/14/2022 23:59
79755.43,6633,WEBEX,36,24,6/7/2019 0:00,6/6/2022 23:59
28259.92,682.5,WEBEX,36,24,6/7/2019 0:00,6/6/2022 23:59
332441.67,16200,WEBEX,60,48,5/31/2019 0:00,5/30/2024 23:59
209868.75,3050,WEBEX,60,48,5/31/2019 0:00,5/30/2024 23:59
185354.17,2700,WEBEX,60,48,5/31/2019 0:00,5/30/2024 23:59
136325,2150,WEBEX,60,48,5/31/2019 0:00,5/30/2024 23:59
1331123.87,67035,WEBEX,60,47,5/29/2019 0:00,5/28/2024 23:59
285320.3,9586.55,WEBEX,60,47,5/29/2019 0:00,5/28/2024 23:59
162247.68,3339.84,WEBEX,60,48,5/29/2019 0:00,5/28/2024 23:59
79012.81,2287.8,WEBEX,36,24,5/28/2019 0:00,5/27/2022 23:59
28941.6,840.24,WEBEX,36,24,5/28/2019 0:00,5/27/2022 23:59
281476.82,117590,ELA2,60,48,5/23/2019 0:00,5/22/2024 23:59
57493.41,40327.2,ELA2,60,48,5/23/2019 0:00,5/22/2024 23:59
136512,7956,ELA2,60,48,5/23/2019 0:00,5/22/2024 23:59
22755,545.75,SPLA,36,NULL,5/21/2019 16:00,5/21/2022 16:00
197240.4,0,NSO SBP,26,13,5/15/2019 0:00,6/30/2021 23:59
23792.03,0,NSO SBP,26,13,5/15/2019 0:00,6/30/2021 23:59
63016.8,5747.4,WEBEX,36,22,3/29/2019 0:00,3/28/2022 23:59
170841,4566.3,WEBEX,36,22,3/29/2019 0:00,3/28/2022 23:59
51559.2,1376.4,WEBEX,36,22,3/29/2019 0:00,3/28/2022 23:59
43503.02,1161.34,CLOUD_SUPPORT,36,22,3/29/2019 0:00,3/28/2022 23:59
71230.65,3425,WEBEX,60,45,3/8/2019 0:00,3/7/2024 23:59
62038.5,953.25,WEBEX,60,45,3/8/2019 0:00,3/7/2024 23:59
40024.84,615,WEBEX,60,45,3/8/2019 0:00,3/7/2024 23:59
389929.55,17391,WEBEX,60,44,2/6/2019 0:00,2/5/2024 23:59
1079387.79,44640,WEBEX,36,20,2/1/2019 0:00,1/31/2022 23:59
203548.39,0,WEBEX,36,20,2/1/2019 0:00,1/31/2022 23:59
69925.94,8514,UMBRELLA,36,20,1/24/2019 0:00,1/23/2022 23:59
29551.31,879.12,WEBEX,36,20,1/14/2019 0:00,1/13/2022 23:59
22128.79,199.58,NSO SBP,60,43,1/2/2019 0:00,1/1/2024 23:59
145740.14,0,NSO SBP,60,43,1/2/2019 0:00,1/1/2024 23:59
72870.07,0,NSO SBP,60,43,1/2/2019 0:00,1/1/2024 23:59
64773.87,0,NSO SBP,60,43,1/2/2019 0:00,1/1/2024 23:59
43630.89,0,NSO SBP,60,43,1/2/2019 0:00,1/1/2024 23:59
141162.51,49150.83,TROPO,60,43,12/20/2018 0:00,12/19/2023 23:59
47746.16,2074.08,WEBEX,60,43,12/20/2018 0:00,12/19/2023 23:59
120717.17,4523.28,WEBEX,36,19,12/14/2018 0:00,12/13/2021 23:59
100799.03,92414.19,WEBEX,36,18,11/30/2018 0:00,11/29/2021 23:59
27719.73,1262.25,CLOUD_SUPPORT,36,18,11/30/2018 0:00,11/29/2021 23:59
77553.3,2843.45,WEBEX,36,16,10/2/2018 0:00,10/1/2021 23:59
129703.11,4850,WEBEX,36,16,9/17/2018 0:00,9/16/2021 23:59
19315.43,5951.66,WEBEX,24,2,8/15/2018 0:00,8/14/2020 23:59
334928.72,32706.02,WEBEX,36,14,8/1/2018 0:00,7/31/2021 23:59
122399.2,7153.2,WEBEX,36,14,8/1/2018 0:00,7/31/2021 23:59
58321.76,4654,WEBEX,36,14,7/26/2018 0:00,7/25/2021 23:59
24607.8,1032.3,WEBEX,36,14,7/26/2018 0:00,7/25/2021 23:59
76389.67,5408,UMBRELLA,36,13,7/1/2018 0:00,6/30/2021 23:59
31362.75,2305.5,WEBEX,36,13,6/20/2018 0:00,6/19/2021 23:59
15647.65,890.4,WEBEX,36,13,6/20/2018 0:00,6/19/2021 23:59
220945.21,5056.8,WEBEX,60,36,5/24/2018 0:00,5/23/2023 23:59
184151.74,4215.72,WEBEX,60,36,5/24/2018 0:00,5/23/2023 23:59
53612.9,0,WEBEX,60,36,5/24/2018 0:00,5/23/2023 23:59
22751.88,11819.98,TROPO,36,11,5/2/2018 0:00,5/1/2021 23:59
248862.78,24265.8,WEBEX,36,10,4/6/2018 0:00,4/5/2021 23:59
313147.22,27572.6,WEBEX,36,10,3/15/2018 0:00,3/14/2021 23:59
251567.43,22149.38,WEBEX,36,10,3/15/2018 0:00,3/14/2021 23:59
34244.36,3273.48,WEBEX,36,8,2/1/2018 0:00,1/31/2021 23:59
19493.45,383.4,TROPO,60,30,11/27/2017 0:00,11/26/2022 23:59
15715.11,6846.45,WEBEX,36,5,10/31/2017 0:00,10/30/2020 23:59
